ID,Case Number,Date,Block,IUCR,Primary Type,Description,Location Description,Arrest,Domestic,Beat,District,Ward,Community Area,FBI Code,X Coordinate,Y Coordinate,Updated On,Latitude,Longitude
10003393,HY192903,11/27/2014 12:00:00 PM,033XX W OHIO ST,0820,THEFT,$500 AND UNDER,RESIDENCE,false,false,1121,011,27,23,06,1153820,1903796,02/10/2018 03:50:01 PM,41.891851472,-87.710539522
10011350,HY200378,11/27/2014 12:00:00 PM,020XX W FARWELL AVE,0820,THEFT,$500 AND UNDER,APARTMENT,false,true,2411,024,50,2,06,1161399,1945604,02/10/2018 03:50:01 PM,42.006420601,-87.681537537
10007196,HY196656,11/27/2014 12:00:00 PM,010XX N MONITOR AVE,1562,SEX OFFENSE,AGG CRIMINAL SEXUAL ABUSE,RESIDENCE,false,false,1511,015,29,25,17,1137172,1906290,02/04/2016 06:33:39 AM,41.899010637,-87.771621056
10015854,HY205168,11/27/2014 10:30:00 AM,049XX W ALTGELD ST,1154,DECEPTIVE PRACTICE,FINANCIAL IDENTITY THEFT $300 AND UNDER,RESIDENCE,false,false,2521,025,31,19,11,1142962,1916181,02/04/2016 06:33:39 AM,41.926046612,-87.750107264
10333170,HY523891,11/27/2014 04:00:00 PM,023XX N KARLOV AVE,1563,SEX OFFENSE,CRIMINAL SEXUAL ABUSE,RESIDENCE,false,false,2525,025,31,20,17,1148659,1915359,02/10/2018 03:50:01 PM,41.923682728,-87.729194629
9871484,HX521893,11/27/2014 12:06:00 AM,012XX N AVERS AVE,2093,NARCOTICS,FOUND SUSPECT NARCOTICS,STREET,true,false,2535,025,27,23,26,1150485,1908061,02/04/2016 06:33:39 AM,41.903620836,-87.722676086
9871503,HX521887,11/27/2014 12:02:00 AM,003XX S FINANCIAL PL,0486,BATTERY,DOMESTIC BATTERY SIMPLE,SIDEWALK,false,true,0122,001,2,32,08B,1175055,1898657,02/04/2016 06:33:39 AM,41.877300329,-87.632707378
9871515,HX521896,11/27/2014 12:17:00 AM,0000X W TERMINAL ST,1335,CRIMINAL TRESPASS,TO AIRPORT,AIRPORT TERMINAL UPPER LEVEL - NON-SECURE AREA,true,false,1655,016,41,76,26,1104700,1933741,02/04/2016 06:33:39 AM,41.974861952,-87.890372151
9871517,HX521892,11/27/2014 12:05:00 AM,050XX S LAVERGNE AVE,0460,BATTERY,SIMPLE,SIDEWALK,false,false,0814,008,23,56,08B,1143875,1870846,02/04/2016 06:33:39 AM,41.801624397,-87.747888394
9871520,HX521918,11/27/2014 01:44:00 AM,061XX S EBERHART AVE,0486,BATTERY,DOMESTIC BATTERY SIMPLE,APARTMENT,false,true,0313,003,20,42,08B,1180634,1864504,02/04/2016 06:33:39 AM,41.783455232,-87.613274211
9871523,HX521940,11/27/2014 02:00:00 AM,032XX W 64TH PL,2022,NARCOTICS,POSS: COCAINE,ALLEY,true,false,0823,008,15,66,18,1155876,1861671,02/04/2016 06:33:39 AM,41.776214142,-87.704121929
9871525,HX521930,11/27/2014 02:20:00 AM,006XX S CICERO AVE,2024,NARCOTICS,POSS: HEROIN(WHITE),STREET,true,false,1533,015,24,25,18,1144505,1896563,02/04/2016 06:33:39 AM,41.872183691,-87.74493183
9871527,HX521920,11/27/2014 02:00:00 AM,022XX E 87TH ST,0486,BATTERY,DOMESTIC BATTERY SIMPLE,APARTMENT,true,true,0412,004,8,48,08B,1192536,1847727,02/04/2016 06:33:39 AM,41.737136022,-87.570183791
9871530,HX521900,11/27/2014 12:40:00 AM,056XX S DAMEN AVE,0460,BATTERY,SIMPLE,SIDEWALK,false,false,0715,007,15,67,08B,1163986,1867326,02/04/2016 06:33:39 AM,41.791565519,-87.674232171
9871531,HX521907,11/27/2014 01:15:00 AM,013XX S CENTRAL PARK AVE,0486,BATTERY,DOMESTIC BATTERY SIMPLE,APARTMENT,false,true,1011,010,24,29,08B,1152589,1893426,02/04/2016 06:33:39 AM,41.863419512,-87.71533469
9871538,HX521954,11/27/2014 02:54:00 AM,033XX W 47TH ST,0460,BATTERY,SIMPLE,PARKING LOT/GARAGE(NON.RESID.),true,false,0821,008,14,58,08B,1154762,1873272,02/04/2016 06:33:39 AM,41.808071254,-87.707896418
9871545,HX521955,11/27/2014 02:53:00 AM,114XX S FORRESTVILLE AVE,1310,CRIMINAL DAMAGE,TO PROPERTY,RESIDENCE-GARAGE,false,false,0531,005,9,50,14,1181957,1829401,02/04/2016 06:33:39 AM,41.687098041,-87.609506069
9871546,HX521941,11/27/2014 02:40:00 AM,040XX W LE MOYNE ST,2022,NARCOTICS,POSS: COCAINE,STREET,true,false,2534,025,30,23,18,1149335,1909675,02/04/2016 06:33:39 AM,41.908072199,-87.726858418
9871547,HX521946,11/27/2014 02:45:00 AM,002XX E GRAND AVE,0460,BATTERY,SIMPLE,OTHER,true,false,1834,018,42,8,08B,1177890,1903953,02/04/2016 06:33:39 AM,41.891768851,-87.622137022
9871573,HX521978,11/27/2014 03:30:00 AM,039XX W 58TH PL,0486,BATTERY,DOMESTIC BATTERY SIMPLE,RESIDENCE,false,true,0822,008,13,62,08B,1151095,1865519,02/04/2016 06:33:39 AM,41.786868311,-87.721548582
9871591,HX521987,11/27/2014 04:19:00 AM,021XX N MAJOR AVE,2022,NARCOTICS,POSS: COCAINE,STREET,true,false,2515,025,29,19,18,1138038,1913794,02/04/2016 06:33:39 AM,41.919586896,-87.768258642
9871593,HX521952,11/27/2014 12:40:00 AM,115XX S HALSTED ST,0320,ROBBERY,STRONGARM - NO WEAPON,GAS STATION,true,false,0524,005,34,53,03,1173048,1828494,02/04/2016 06:33:39 AM,41.684809877,-87.642147208
9871604,HX521972,11/27/2014 03:05:00 AM,016XX W WEBSTER AVE,0454,BATTERY,AGG PO HANDS NO/MIN INJURY,STREET,true,false,1432,014,32,22,08B,1164995,1914701,02/04/2016 06:33:39 AM,41.921545627,-87.669188669
9871637,HX522043,11/27/2014 07:20:00 AM,039XX W MONROE ST,0460,BATTERY,SIMPLE,APARTMENT,false,false,1122,011,28,26,08B,1150212,1899372,02/04/2016 06:33:39 AM,41.879782639,-87.723905577
9871646,HX522057,11/27/2014 08:00:00 AM,028XX W 64TH ST,1310,CRIMINAL DAMAGE,TO PROPERTY,APARTMENT,false,true,0823,008,15,66,14,1158634,1862082,02/04/2016 06:33:39 AM,41.777286166,-87.694000011
9871677,HX522068,11/27/2014 07:20:00 AM,026XX S KEDZIE AVE,2825,OTHER OFFENSE,HARASSMENT BY TELEPHONE,RESTAURANT,false,true,1033,010,12,30,26,1155449,1886366,02/04/2016 06:33:39 AM,41.843989099,-87.705025427
9871685,HX521991,11/27/2014 03:40:00 AM,022XX E 103RD ST,0454,BATTERY,AGG PO HANDS NO/MIN INJURY,POLICE FACILITY/VEH PARKING LOT,true,false,0434,004,10,51,08B,1192874,1837123,02/04/2016 06:33:39 AM,41.708029389,-87.569290282
9871729,HX522206,11/27/2014 11:30:00 AM,096XX S HALSTED ST,0486,BATTERY,DOMESTIC BATTERY SIMPLE,RESIDENCE,false,true,2223,022,21,73,08B,1172677,1840886,02/04/2016 06:33:39 AM,41.718823567,-87.643141787
9871733,HX522229,11/27/2014 11:00:00 AM,061XX S WOOD ST,0460,BATTERY,SIMPLE,RESIDENCE,false,false,0714,007,15,67,08B,1165400,1864006,02/04/2016 06:33:39 AM,41.782425157,-87.669141339
9871738,HX522106,11/27/2014 09:10:00 AM,024XX W 45TH PL,0560,ASSAULT,SIMPLE,STREET,false,true,0922,009,12,58,08A,1160737,1874434,02/04/2016 06:33:39 AM,41.811138516,-87.685949378
9871746,HX522214,11/27/2014 11:44:00 AM,033XX N WESTERN AVE,0860,THEFT,RETAIL THEFT,GROCERY FOOD STORE,true,false,1921,019,47,5,06,1159785,1922188,02/04/2016 06:33:39 AM,41.942199582,-87.688124523
9871764,HX521993,11/27/2014 04:50:00 AM,008XX S PULASKI RD,1320,CRIMINAL DAMAGE,TO VEHICLE,STREET,false,false,1132,011,24,26,14,1149847,1895980,02/04/2016 06:33:39 AM,41.870481711,-87.725334044
9871766,HX522116,11/27/2014 09:15:00 AM,009XX N HAMLIN AVE,1320,CRIMINAL DAMAGE,TO VEHICLE,PARKING LOT/GARAGE(NON.RESID.),false,false,1112,011,27,23,14,1150883,1905951,02/04/2016 06:33:39 AM,41.897823003,-87.721269427
9871789,HX522252,11/27/2014 01:05:00 PM,048XX N CENTRAL AVE,0860,THEFT,RETAIL THEFT,DRUG STORE,true,false,1623,016,45,11,06,1138133,1931441,02/04/2016 06:33:39 AM,41.968010333,-87.767481572
9871793,HX522241,11/27/2014 12:45:00 PM,048XX S WABASH AVE,031A,ROBBERY,ARMED: HANDGUN,STREET,false,false,0224,002,3,38,03,1177530,1873053,02/04/2016 06:33:39 AM,41.806985276,-87.624395968
9871794,HX522268,11/27/2014 01:40:00 PM,078XX S GREENWOOD AVE,0560,ASSAULT,SIMPLE,RESIDENCE,false,true,0624,006,8,69,08A,1184913,1853208,02/04/2016 06:33:39 AM,41.752358555,-87.597940213
9871798,HX521995,11/27/2014 04:49:00 AM,078XX S PHILLIPS AVE,1310,CRIMINAL DAMAGE,TO PROPERTY,APARTMENT,false,false,0421,004,7,43,14,1193888,1853499,02/04/2016 06:33:39 AM,41.752941866,-87.565041749
9871800,HX522216,11/27/2014 12:10:00 PM,007XX E 79TH ST,0486,BATTERY,DOMESTIC BATTERY SIMPLE,APARTMENT,false,true,0624,006,6,44,08B,1182734,1852793,02/04/2016 06:33:39 AM,41.751270583,-87.605938082
9871807,HX522257,11/27/2014 01:10:00 PM,024XX W 47TH PL,0460,BATTERY,SIMPLE,STREET,false,false,0922,009,12,58,08B,1160880,1873113,02/04/2016 06:33:39 AM,41.807510571,-87.685461389
9871812,HX522220,11/27/2014 12:10:00 PM,003XX S DEARBORN ST,0320,ROBBERY,STRONGARM - NO WEAPON,CTA PLATFORM,false,false,0113,001,2,32,03,1175986,1898808,02/04/2016 06:33:39 AM,41.877693776,-87.629284495
9871821,HX522309,11/27/2014 12:06:00 PM,012XX W ROOSEVELT RD,0860,THEFT,RETAIL THEFT,DRUG STORE,true,false,1233,012,2,28,06,1168413,1894846,02/04/2016 06:33:39 AM,41.866988841,-87.657205006
9871823,HX522297,11/27/2014 02:05:00 PM,017XX N MONITOR AVE,1750,OFFENSE INVOLVING CHILDREN,CHILD ABUSE,APARTMENT,false,true,2531,025,29,25,20,1137163,1910917,02/04/2016 06:33:39 AM,41.911707849,-87.771542812
9871825,HX522274,11/27/2014 01:55:00 PM,016XX E 79TH ST,0860,THEFT,RETAIL THEFT,SMALL RETAIL STORE,true,false,0414,004,8,43,06,1188721,1852930,02/04/2016 06:33:39 AM,41.751505533,-87.583994603
9871828,HX522278,11/27/2014 02:10:00 PM,070XX S EAST END AVE,041A,BATTERY,AGGRAVATED: HANDGUN,RESIDENTIAL YARD (FRONT/BACK),false,false,0332,003,5,43,04B,1188992,1858707,02/04/2016 06:33:39 AM,41.767351647,-87.582816839
9871847,HX522351,11/27/2014 03:30:00 PM,026XX W 64TH ST,0910,MOTOR VEHICLE THEFT,AUTOMOBILE,STREET,false,false,0825,008,15,66,07,1159675,1862085,02/04/2016 06:33:39 AM,41.777273097,-87.690183606
9871850,HX522340,11/27/2014 03:00:00 PM,045XX N SAWYER AVE,0486,BATTERY,DOMESTIC BATTERY SIMPLE,RESIDENCE,true,true,1724,017,33,14,08B,1153902,1929878,02/04/2016 06:33:39 AM,41.96342094,-87.709541509
9871851,HX522294,11/27/2014 09:00:00 AM,065XX S KENNETH AVE,0810,THEFT,OVER $500,STREET,false,false,0833,008,13,65,06,1147836,1860809,02/04/2016 06:33:39 AM,41.774006317,-87.733618439
9871858,HX522338,11/27/2014 03:30:00 PM,054XX N MOODY AVE,0486,BATTERY,DOMESTIC BATTERY SIMPLE,APARTMENT,true,true,1622,016,45,11,08B,1134086,1935764,02/04/2016 06:33:39 AM,41.97994543,-87.782260095
9871871,HX522405,11/27/2014 04:00:00 PM,048XX S BISHOP ST,0486,BATTERY,DOMESTIC BATTERY SIMPLE,RESIDENCE,false,false,0933,009,20,61,08B,1167485,1872595,02/04/2016 06:33:39 AM,41.805949937,-87.661250942
9871885,HX522413,11/27/2014 04:40:00 PM,002XX S WACKER DR,0870,THEFT,POCKET-PICKING,COMMERCIAL / BUSINESS OFFICE,false,false,0122,001,2,32,06,1173971,1899133,02/04/2016 06:33:39 AM,41.878630716,-87.636673298
9871886,HX522365,11/27/2014 02:25:00 PM,067XX S CONSTANCE AVE,1310,CRIMINAL DAMAGE,TO PROPERTY,APARTMENT,false,false,0332,003,5,43,14,1189697,1860754,02/04/2016 06:33:39 AM,41.772951871,-87.580167052
9871891,HX522401,11/27/2014 05:40:00 PM,021XX N ALBANY AVE,0486,BATTERY,DOMESTIC BATTERY SIMPLE,APARTMENT,false,true,1414,014,35,22,08B,1155178,1913925,02/04/2016 06:33:39 AM,41.919619187,-87.70527981
9871893,HX522420,11/27/2014 06:38:00 PM,099XX S HALSTED ST,1330,CRIMINAL TRESPASS,TO LAND,GAS STATION,true,false,2232,022,34,73,26,1172734,1839039,02/04/2016 06:33:39 AM,41.713753878,-87.642987258
9871895,HX522355,11/27/2014 04:05:00 PM,026XX S CALIFORNIA AVE,1345,CRIMINAL DAMAGE,TO CITY OF CHICAGO PROPERTY,STREET,false,false,1033,010,12,30,14,1158128,1886385,02/04/2016 06:33:39 AM,41.843987035,-87.695193445
9871898,HX522356,11/27/2014 02:30:00 PM,052XX N SHERIDAN RD,0860,THEFT,RETAIL THEFT,GROCERY FOOD STORE,false,false,2023,020,48,77,06,1168697,1934885,02/04/2016 06:33:39 AM,41.976851852,-87.654999693
9871907,HX522388,11/27/2014 05:15:00 PM,002XX W 103RD ST,031A,ROBBERY,ARMED: HANDGUN,SMALL RETAIL STORE,false,false,0512,005,34,49,03,1176646,1836645,02/04/2016 06:33:39 AM,41.707097444,-87.628731849
9871909,HX522429,11/27/2014 06:55:00 PM,035XX W 79TH PL,0910,MOTOR VEHICLE THEFT,AUTOMOBILE,STREET,false,false,0834,008,18,70,07,1154155,1851654,02/04/2016 06:33:39 AM,41.748760275,-87.710696862
9871911,HX522306,11/27/2014 02:50:00 PM,013XX W 76TH ST,0497,BATTERY,AGGRAVATED DOMESTIC BATTERY: OTHER DANG WEAPON,RESIDENCE,false,true,0612,006,17,71,04B,1168594,1854367,02/04/2016 06:33:39 AM,41.755906211,-87.657708819
9871912,HX522410,11/27/2014 06:00:00 PM,027XX W DIVISION ST,0486,BATTERY,DOMESTIC BATTERY SIMPLE,SIDEWALK,false,true,1423,014,26,24,08B,1158005,1907868,02/04/2016 06:33:39 AM,41.902941011,-87.695058578
9871921,HX522437,11/27/2014 06:40:00 PM,081XX S MARSHFIELD AVE,0486,BATTERY,DOMESTIC BATTERY SIMPLE,RESIDENCE,false,true,0614,006,21,71,08B,1166759,1850709,02/04/2016 06:33:39 AM,41.745907494,-87.664537893
9871924,HX522446,11/27/2014 04:00:00 PM,009XX N WOLCOTT AVE,0610,BURGLARY,FORCIBLE ENTRY,APARTMENT,false,false,1212,012,32,24,05,1163562,1906360,02/04/2016 06:33:39 AM,41.898687675,-87.674689203
9871927,HX522435,11/27/2014 07:33:00 PM,059XX S BISHOP ST,2024,NARCOTICS,POSS: HEROIN(WHITE),STREET,true,false,0713,007,16,67,18,1167684,1865256,02/04/2016 06:33:39 AM,41.785806592,-87.660731687
9871930,HX522397,11/27/2014 04:58:00 PM,005XX S KILBOURN AVE,0530,ASSAULT,AGGRAVATED: OTHER DANG WEAPON,STREET,false,false,1131,011,24,26,04A,1146472,1897228,02/04/2016 06:33:39 AM,41.873971304,-87.737693111
9871931,HX522439,11/27/2014 07:15:00 PM,025XX S MICHIGAN AVE,0495,BATTERY,AGGRAVATED OF A SENIOR CITIZEN,HOSPITAL BUILDING/GROUNDS,false,false,0133,001,2,33,04B,1177647,1887564,02/04/2016 06:33:39 AM,41.846801978,-87.623527134
9871932,HX522425,11/27/2014 06:00:00 PM,125XX S LOWE AVE,0486,BATTERY,DOMESTIC BATTERY SIMPLE,RESIDENCE,true,false,0523,005,9,53,08B,1174261,1821717,02/04/2016 06:33:39 AM,41.666185904,-87.637906975
9871934,HX522464,11/27/2014 07:52:00 PM,070XX S ARTESIAN AVE,2093,NARCOTICS,FOUND SUSPECT NARCOTICS,ABANDONED BUILDING,true,false,0832,008,15,66,26,1161257,1857930,02/04/2016 06:33:39 AM,41.765838575,-87.68449889
9871935,HX522404,11/27/2014 06:10:00 PM,008XX N STATE ST,0460,BATTERY,SIMPLE,CTA TRAIN,true,false,1832,018,42,8,08B,1176223,1905805,02/04/2016 06:33:39 AM,41.896888586,-87.628203192
9871936,HX522324,11/27/2014 02:25:00 PM,024XX W 47TH ST,0430,BATTERY,AGGRAVATED: OTHER DANG WEAPON,STREET,true,false,0922,009,12,58,04B,1160883,1873446,02/04/2016 06:33:39 AM,41.808424303,-87.685441179
9871937,HX522447,11/27/2014 07:00:00 PM,070XX S MAY ST,0920,MOTOR VEHICLE THEFT,ATT: AUTOMOBILE,STREET,false,false,0733,007,17,68,07,1169870,1858066,02/04/2016 06:33:39 AM,41.766029151,-87.652925347
9871938,HX522460,11/27/2014 08:00:00 PM,045XX S MOZART ST,0486,BATTERY,DOMESTIC BATTERY SIMPLE,APARTMENT,false,true,0922,009,12,58,08B,1158126,1874523,02/04/2016 06:33:39 AM,41.811436318,-87.695523965
9871940,HX522431,11/27/2014 06:15:00 PM,001XX S HALSTED ST,1330,CRIMINAL TRESPASS,TO LAND,DRUG STORE,true,false,1232,012,27,28,26,1171070,1899648,02/04/2016 06:33:39 AM,41.880108035,-87.647309981
9871941,HX522416,11/27/2014 06:25:00 PM,013XX W 68TH ST,0486,BATTERY,DOMESTIC BATTERY SIMPLE,APARTMENT,false,false,0724,007,17,67,08B,1168736,1859676,02/04/2016 06:33:39 AM,41.770471738,-87.657035452
9871945,HX522482,11/27/2014 07:40:00 PM,012XX S MICHIGAN AVE,0810,THEFT,OVER $500,RESIDENCE,false,false,0132,001,2,33,06,1177422,1894769,02/04/2016 06:33:39 AM,41.866578077,-87.624134464
9871947,HX522492,11/27/2014 08:45:00 PM,006XX E 71ST ST,0610,BURGLARY,FORCIBLE ENTRY,WAREHOUSE,false,false,0323,003,6,69,05,1181882,1858087,02/04/2016 06:33:39 AM,41.765817595,-87.608896845
9871948,HX522458,11/27/2014 08:00:00 PM,015XX W FARGO AVE,0460,BATTERY,SIMPLE,APARTMENT,false,false,2422,024,49,1,08B,1164848,1949526,02/04/2016 06:33:39 AM,42.017109884,-87.668736199
9871949,HX522483,11/27/2014 08:35:00 PM,049XX W HUBBARD ST,1811,NARCOTICS,POSS: CANNABIS 30GMS OR LESS,SIDEWALK,true,false,1532,015,28,25,18,1143386,1902559,02/04/2016 06:33:39 AM,41.888658426,-87.748890295
9871950,HX522491,11/27/2014 09:10:00 PM,082XX S DR MARTIN LUTHER KING JR DR,0486,BATTERY,DOMESTIC BATTERY SIMPLE,APARTMENT,false,true,0631,006,6,44,08B,1180332,1850554,02/04/2016 06:33:39 AM,41.745181902,-87.614808669
9871952,HX522489,11/27/2014 09:00:00 PM,106XX S INDIANA AVE,0486,BATTERY,DOMESTIC BATTERY SIMPLE,RESIDENCE,false,true,0512,005,9,49,08B,1179468,1834392,02/04/2016 06:33:39 AM,41.700851077,-87.618466247
9871953,HX522470,11/27/2014 03:00:00 PM,057XX N HERMITAGE AVE,0610,BURGLARY,FORCIBLE ENTRY,APARTMENT,false,false,2012,020,40,77,05,1163761,1937926,02/04/2016 06:33:39 AM,41.985302283,-87.673065245
9871954,HX522496,11/27/2014 02:05:00 PM,055XX W GRAND AVE,1811,NARCOTICS,POSS: CANNABIS 30GMS OR LESS,POLICE FACILITY/VEH PARKING LOT,true,false,2515,025,29,19,18,1138788,1913480,02/04/2016 06:33:39 AM,41.918711651,-87.76551063
9871956,HX522477,11/27/2014 08:00:00 PM,076XX S CICERO AVE,0820,THEFT,$500 AND UNDER,OTHER,false,false,0833,008,13,65,06,1145727,1853720,02/04/2016 06:33:39 AM,41.754592961,-87.741528537
9871965,HX522406,11/27/2014 06:00:00 PM,006XX E BOWEN AVE,041A,BATTERY,AGGRAVATED: HANDGUN,STREET,false,false,0214,002,4,38,04B,1181109,1877616,02/04/2016 06:33:39 AM,41.819424749,-87.611128798
9871966,HX522493,11/27/2014 08:12:00 PM,044XX W JACKSON BLVD,0320,ROBBERY,STRONGARM - NO WEAPON,SIDEWALK,false,false,1113,011,28,26,03,1146834,1898317,02/04/2016 06:33:39 AM,41.876952748,-87.736336193
9871969,HX522521,11/27/2014 10:00:00 PM,061XX S ARTESIAN AVE,0486,BATTERY,DOMESTIC BATTERY SIMPLE,RESIDENCE,true,true,0825,008,15,66,08B,1161094,1863794,02/04/2016 06:33:39 AM,41.781933589,-87.684934293
9871970,HX522520,11/27/2014 01:00:00 PM,088XX S PAULINA ST,0560,ASSAULT,SIMPLE,APARTMENT,false,true,2221,022,21,71,08A,1166552,1846143,02/04/2016 06:33:39 AM,41.733382134,-87.665426234
9871973,HX522476,11/27/2014 04:15:00 PM,023XX W 24TH ST,0610,BURGLARY,FORCIBLE ENTRY,APARTMENT,false,false,1034,010,25,31,05,1161199,1888025,02/04/2016 06:33:39 AM,41.848424199,-87.683877918
9871974,HX522507,11/27/2014 09:40:00 PM,041XX W WILCOX ST,031A,ROBBERY,ARMED: HANDGUN,APARTMENT,false,false,1115,011,28,26,03,1148800,1899014,02/04/2016 06:33:39 AM,41.878827643,-87.729099546
9871975,HX522480,11/27/2014 07:30:00 PM,040XX S CALIFORNIA AVE,0560,ASSAULT,SIMPLE,SIDEWALK,false,true,0921,009,12,58,08A,1158367,1877548,02/04/2016 06:33:39 AM,41.819732387,-87.694557506
9871979,HX522532,11/27/2014 04:00:00 PM,120XX S WALLACE ST,0820,THEFT,$500 AND UNDER,RESIDENCE,false,false,0523,005,34,53,06,1174477,1825095,02/04/2016 06:33:39 AM,41.675450902,-87.637016595
9871980,HX522519,11/27/2014 09:34:00 PM,010XX W 76TH ST,0486,BATTERY,DOMESTIC BATTERY SIMPLE,STREET,false,true,0612,006,17,71,08B,1170713,1854424,02/04/2016 06:33:39 AM,41.756016699,-87.649941511
9871981,HX522517,11/27/2014 09:30:00 PM,036XX W SUNNYSIDE AVE,0820,THEFT,$500 AND UNDER,STREET,false,false,1723,017,33,14,06,1151472,1929665,02/04/2016 06:33:39 AM,41.96288465,-87.718481472
9871982,HX522518,11/27/2014 09:14:00 PM,063XX S WHIPPLE ST,051A,ASSAULT,AGGRAVATED: HANDGUN,APARTMENT,true,false,0823,008,15,66,04A,1157139,1862492,02/04/2016 06:33:39 AM,41.778441635,-87.699469634
9871985,HX522436,11/27/2014 06:51:00 PM,055XX S DR MARTIN LUTHER KING JR DR,143A,WEAPONS VIOLATION,UNLAWFUL POSS OF HANDGUN,SIDEWALK,true,false,0231,002,20,40,15,1179872,1868220,02/04/2016 06:33:39 AM,41.793669763,-87.615954261
9871986,HX522540,11/27/2014 09:14:00 PM,063XX S WHIPPLE ST,1811,NARCOTICS,POSS: CANNABIS 30GMS OR LESS,APARTMENT,true,false,0823,008,15,66,18,1157139,1862492,02/04/2016 06:33:39 AM,41.778441635,-87.699469634
9871987,HX522560,11/27/2014 11:00:00 AM,043XX W ROSCOE ST,1310,CRIMINAL DAMAGE,TO PROPERTY,APARTMENT,false,false,1731,017,31,16,14,1147022,1922253,02/04/2016 06:33:39 AM,41.942631979,-87.735032871
9871988,HX522545,11/27/2014 11:07:00 PM,017XX N FRANCISCO AVE,1310,CRIMINAL DAMAGE,TO PROPERTY,RESIDENTIAL YARD (FRONT/BACK),true,false,1421,014,35,24,14,1156858,1911587,02/04/2016 06:33:39 AM,41.9131696,-87.699170743
9871990,HX522547,11/27/2014 11:30:00 PM,006XX S MICHIGAN AVE,2093,NARCOTICS,FOUND SUSPECT NARCOTICS,HOTEL/MOTEL,true,false,0123,001,2,32,26,1177377,1897431,02/04/2016 06:33:39 AM,41.873883785,-87.624218932
9871991,HX522562,11/27/2014 11:30:00 PM,017XX N PULASKI RD,0486,BATTERY,DOMESTIC BATTERY SIMPLE,APARTMENT,true,true,2534,025,30,23,08B,1149448,1911157,02/04/2016 06:33:39 AM,41.912136758,-87.726404788
9871996,HX522526,11/27/2014 02:30:00 PM,096XX S CRANDON AVE,0610,BURGLARY,FORCIBLE ENTRY,RESIDENCE,false,false,0431,004,7,51,05,1193492,1841671,02/04/2016 06:33:39 AM,41.720494483,-87.566878918
9871997,HX522558,11/27/2014 11:17:00 PM,071XX S MERRILL AVE,1330,CRIMINAL TRESPASS,TO LAND,APARTMENT,true,false,0333,003,5,43,26,1191789,1858173,02/04/2016 06:33:39 AM,41.76581888,-87.572582139
9872000,HX522515,11/27/2014 02:00:00 AM,082XX S ADA ST,0910,MOTOR VEHICLE THEFT,AUTOMOBILE,APARTMENT,false,true,0613,006,21,71,07,1168760,1850195,02/04/2016 06:33:39 AM,41.744454094,-87.657220612
9872002,HX521996,11/27/2014 04:48:00 AM,072XX S LOWE AVE,031A,ROBBERY,ARMED: HANDGUN,SIDEWALK,false,true,0732,007,17,68,03,1173401,1856813,02/04/2016 06:33:39 AM,41.762513391,-87.640020049
9872004,HX522556,11/27/2014 11:38:00 PM,049XX S MICHIGAN AVE,1310,CRIMINAL DAMAGE,TO PROPERTY,APARTMENT,false,false,0224,002,3,38,14,1177995,1872205,02/04/2016 06:33:39 AM,41.804647749,-87.622716223
9872007,HX522522,11/27/2014 10:15:00 PM,0000X W 111TH ST,0460,BATTERY,SIMPLE,HOSPITAL BUILDING/GROUNDS,false,false,0522,005,34,49,08B,1177873,1831361,02/04/2016 06:33:39 AM,41.692569761,-87.624397882
9872008,HX522566,11/27/2014 05:30:00 PM,068XX S KEDVALE AVE,0610,BURGLARY,FORCIBLE ENTRY,RESIDENCE,false,false,0833,008,13,65,05,1149879,1859019,02/04/2016 06:33:39 AM,41.769054926,-87.72617542
9872010,HX522579,11/27/2014 11:12:00 PM,106XX S CALUMET AVE,0486,BATTERY,DOMESTIC BATTERY SIMPLE,SIDEWALK,false,true,0512,005,9,49,08B,1180461,1834587,02/04/2016 06:33:39 AM,41.701363507,-87.614824307
9872011,HX522570,11/27/2014 03:45:00 PM,035XX S COTTAGE GROVE AVE,0610,BURGLARY,FORCIBLE ENTRY,RESIDENCE,false,false,0212,002,4,36,05,1181368,1881512,02/04/2016 06:33:39 AM,41.830109681,-87.610058377
9872013,HX522511,11/27/2014 08:55:00 PM,084XX S LUELLA AVE,0486,BATTERY,DOMESTIC BATTERY SIMPLE,RESIDENCE,true,false,0412,004,8,46,08B,1192643,1849498,02/04/2016 06:33:39 AM,41.741993199,-87.56973421
9872017,HX522581,11/27/2014 11:00:00 PM,071XX S CORNELL AVE,0497,BATTERY,AGGRAVATED DOMESTIC BATTERY: OTHER DANG WEAPON,RESIDENCE,false,true,0324,003,8,43,04B,1188469,1858002,02/04/2016 06:33:39 AM,41.765429574,-87.584756316
9872024,HX522541,11/27/2014 11:13:00 PM,064XX S HONORE ST,0460,BATTERY,SIMPLE,RESIDENCE,true,false,0726,007,15,67,08B,1165117,1862049,02/04/2016 06:33:39 AM,41.777060889,-87.670234227
9872030,HX522525,11/27/2014 10:30:00 PM,004XX W NORMAL PKWY,0496,BATTERY,AGGRAVATED DOMESTIC BATTERY: KNIFE/CUTTING INST,RESIDENCE,true,true,0722,007,6,68,04B,1174448,1860073,02/04/2016 06:33:39 AM,41.77143599,-87.636085795
9872034,HX522537,11/27/2014 10:50:00 PM,028XX W PERSHING RD,1320,CRIMINAL DAMAGE,TO VEHICLE,STREET,false,false,0921,009,14,58,14,1158042,1878650,02/04/2016 06:33:39 AM,41.822763036,-87.695719749
9872035,HX522535,11/27/2014 10:50:00 PM,028XX W PERSHING RD,1320,CRIMINAL DAMAGE,TO VEHICLE,STREET,false,false,0921,009,14,58,14,1158049,1878650,02/04/2016 06:33:39 AM,41.822762893,-87.695694068
9872037,HX522536,11/27/2014 10:50:00 PM,028XX W PERSHING RD,1320,CRIMINAL DAMAGE,TO VEHICLE,STREET,false,false,0911,009,12,58,14,1158001,1878649,02/04/2016 06:33:39 AM,41.822761127,-87.695870189
9872060,HX522424,11/27/2014 02:00:00 AM,022XX N MASON AVE,0486,BATTERY,DOMESTIC BATTERY SIMPLE,RESIDENCE,false,true,2515,025,37,19,08B,1136361,1914373,02/04/2016 06:33:39 AM,41.921205896,-87.774406418
9872247,HX522695,11/27/2014 05:00:00 PM,038XX N SAYRE AVE,0910,MOTOR VEHICLE THEFT,AUTOMOBILE,STREET,false,false,1632,016,38,17,07,1129058,1924649,02/04/2016 06:33:39 AM,41.949531961,-87.801005465
9872258,HX522679,11/27/2014 09:30:00 PM,062XX N KARLOV AVE,0560,ASSAULT,SIMPLE,STREET,false,false,1711,017,39,12,08A,1147900,1941108,02/04/2016 06:33:39 AM,41.99435459,-87.731318825
9872367,HX522488,11/27/2014 06:30:00 PM,062XX S KOSTNER AVE,0610,BURGLARY,FORCIBLE ENTRY,RESIDENCE,false,false,0813,008,13,65,05,1148109,1862928,02/04/2016 06:33:39 AM,41.779815973,-87.732563393
9872386,HX522715,11/27/2014 08:00:00 PM,031XX W 66TH ST,0810,THEFT,OVER $500,STREET,false,false,0831,008,15,66,06,1156434,1860690,02/04/2016 06:33:39 AM,41.77351091,-87.702102718
9872397,HX522811,11/27/2014 08:00:00 PM,020XX W BELMONT AVE,0610,BURGLARY,FORCIBLE ENTRY,RESIDENCE-GARAGE,false,false,1931,019,32,5,05,1162103,1921243,02/04/2016 06:33:39 AM,41.939558255,-87.679631338
9872435,HX522767,11/27/2014 02:30:00 AM,0000X W CTA 95TH ST LN,0820,THEFT,$500 AND UNDER,CTA TRAIN,false,false,0634,006,21,49,06,1177779,1842365,02/04/2016 06:33:39 AM,41.722768379,-87.624410361
9872543,HX522937,11/27/2014 10:00:00 AM,040XX N PLAINFIELD AVE,1320,CRIMINAL DAMAGE,TO VEHICLE,DRIVEWAY - RESIDENTIAL,false,false,1614,016,36,17,14,1120006,1925840,02/04/2016 06:33:39 AM,41.952949672,-87.834254717
9872730,HX522462,11/27/2014 08:00:00 PM,006XX N ST CLAIR ST,0820,THEFT,$500 AND UNDER,HOTEL/MOTEL,false,true,1834,018,42,8,06,1177724,1904638,02/04/2016 06:33:39 AM,41.893652298,-87.622725822
9872744,HX523124,11/27/2014 08:30:00 PM,074XX S COLES AVE,0910,MOTOR VEHICLE THEFT,AUTOMOBILE,STREET,false,false,0334,003,7,43,07,1195223,1856584,02/04/2016 06:33:39 AM,41.761374517,-87.560047985
9872756,HX523132,11/27/2014 09:30:00 PM,056XX W DIVISION ST,031A,ROBBERY,ARMED: HANDGUN,STREET,false,false,2531,025,29,25,03,1138706,1907441,02/04/2016 06:33:39 AM,41.902141421,-87.765958681
9872796,HX523065,11/27/2014 08:00:00 AM,107XX S SACRAMENTO AVE,5002,OTHER OFFENSE,OTHER VEHICLE OFFENSE,RESIDENCE-GARAGE,false,false,2211,022,19,74,26,1158190,1833340,02/04/2016 06:33:39 AM,41.698422453,-87.696407536
9872839,HX523228,11/27/2014 06:50:00 PM,099XX S WALLACE ST,2825,OTHER OFFENSE,HARASSMENT BY TELEPHONE,OTHER,false,false,2232,022,9,73,26,1174053,1838995,02/04/2016 06:33:39 AM,41.713604013,-87.638157899
9872846,HX522500,11/27/2014 09:17:00 PM,073XX S EMERALD AVE,0486,BATTERY,DOMESTIC BATTERY SIMPLE,APARTMENT,false,true,0732,007,17,68,08B,1172573,1856118,02/04/2016 06:33:39 AM,41.760624499,-87.643075224
9872861,HX523096,11/27/2014 04:00:00 PM,054XX N EAST RIVER RD,1310,CRIMINAL DAMAGE,TO PROPERTY,STREET,false,false,1614,016,41,76,14,1116632,1934981,02/04/2016 06:33:39 AM,41.978086971,-87.846467142
9873208,HX522942,11/27/2014 04:00:00 PM,052XX W DIVERSEY AVE,0810,THEFT,OVER $500,STREET,false,false,2514,025,31,19,06,1140955,1918114,02/04/2016 06:33:39 AM,41.931388187,-87.757434407
9873710,HX524418,11/27/2014 11:40:00 PM,035XX W BELDEN AVE,0820,THEFT,$500 AND UNDER,RESIDENCE,false,false,1413,014,26,22,06,1152598,1915065,02/04/2016 06:33:39 AM,41.922798903,-87.714728945
9874871,HX525897,11/27/2014 08:00:00 AM,091XX S BELL AVE,0820,THEFT,$500 AND UNDER,STREET,false,false,2221,022,19,72,06,1162967,1843990,02/04/2016 06:33:39 AM,41.727549554,-87.678619902
9875391,HX526059,11/27/2014 10:00:00 PM,018XX E 72ND ST,0820,THEFT,$500 AND UNDER,STREET,false,false,0324,003,5,43,06,1189738,1857599,02/04/2016 06:33:39 AM,41.764293308,-87.580118041
9876348,HX527232,11/27/2014 09:00:00 AM,064XX S INGLESIDE AVE,0810,THEFT,OVER $500,APARTMENT,false,false,0314,003,20,42,06,1183832,1862524,02/04/2016 06:33:39 AM,41.777947847,-87.601611152
9876547,HX527500,11/27/2014 01:20:00 AM,026XX N HARDING AVE,0820,THEFT,$500 AND UNDER,APARTMENT,false,true,2524,025,30,22,06,1149604,1917263,02/04/2016 06:33:39 AM,41.928889152,-87.725672733
9876555,HX527413,11/27/2014 12:45:00 PM,037XX N KENNETH AVE,1365,CRIMINAL TRESPASS,TO RESIDENCE,APARTMENT,false,false,1731,017,38,16,26,1145773,1924608,02/04/2016 06:33:39 AM,41.949118133,-87.739563615
9876769,HX527732,11/27/2014 07:00:00 PM,016XX W WRIGHTWOOD AVE,0820,THEFT,$500 AND UNDER,STREET,false,false,1931,019,32,7,06,1164795,1917327,02/04/2016 06:33:39 AM,41.928755776,-87.669848861
9877602,HX528357,11/27/2014 08:48:00 PM,002XX S RACINE AVE,1150,DECEPTIVE PRACTICE,CREDIT CARD FRAUD,ATM (AUTOMATIC TELLER MACHINE),false,false,1231,012,27,28,11,1168423,1899169,02/04/2016 06:33:39 AM,41.878851273,-87.657043254
9878035,HX528758,11/27/2014 12:00:00 PM,003XX N DESPLAINES ST,0890,THEFT,FROM BUILDING,RESIDENCE,false,false,1214,012,42,28,06,1171861,1902664,02/04/2016 06:33:39 AM,41.888366748,-87.644316629
9878305,HX528941,11/27/2014 03:00:00 PM,061XX S GREENWOOD AVE,0810,THEFT,OVER $500,APARTMENT,false,false,0314,003,20,42,06,1184389,1864521,02/04/2016 06:33:39 AM,41.783414767,-87.599506721
9878354,HX529281,11/27/2014 04:29:00 PM,019XX N PULASKI RD,2826,OTHER OFFENSE,HARASSMENT BY ELECTRONIC MEANS,APARTMENT,false,true,2535,025,30,20,26,1149404,1912613,02/04/2016 06:33:39 AM,41.916133015,-87.726528589
9879201,HX529754,11/27/2014 12:00:00 PM,013XX W HARRISON ST,1540,OBSCENITY,OBSCENE MATTER,"SCHOOL, PUBLIC, BUILDING",true,false,1231,012,2,28,17,1167465,1897475,02/04/2016 06:33:39 AM,41.874223466,-87.660609583
9885834,HX535861,11/27/2014 12:01:00 AM,044XX N PULASKI RD,0620,BURGLARY,UNLAWFUL ENTRY,APARTMENT,false,false,1722,017,39,14,05,1148928,1929232,02/04/2016 06:33:39 AM,41.961746178,-87.727846145
9886293,HX534241,11/27/2014 03:00:00 PM,080XX S JUSTINE ST,0820,THEFT,$500 AND UNDER,RESIDENCE,false,false,0612,006,21,71,06,1167402,1851451,02/04/2016 06:33:39 AM,41.747929908,-87.662160598
9888454,HX538773,11/27/2014 03:00:00 AM,055XX W BELMONT AVE,0870,THEFT,POCKET-PICKING,ALLEY,false,false,2514,025,30,19,06,1138653,1920720,02/04/2016 06:33:39 AM,41.938581442,-87.765830579
9940735,HY129442,11/27/2014 11:00:00 AM,054XX N SHERIDAN RD,0810,THEFT,OVER $500,OTHER,false,false,2023,020,48,77,06,1168655,1936367,02/04/2016 06:33:39 AM,41.980919411,-87.655110993
9940820,HY129499,11/27/2014 11:00:00 PM,012XX S MICHIGAN AVE,0810,THEFT,OVER $500,APARTMENT,false,false,0132,001,2,33,06,1177422,1894769,02/04/2016 06:33:39 AM,41.866578077,-87.624134464
9949157,HY138013,11/27/2014 12:01:00 AM,083XX S INGLESIDE AVE,1751,OFFENSE INVOLVING CHILDREN,CRIM SEX ABUSE BY FAM MEMBER,RESIDENCE,false,false,0632,006,8,44,20,1184006,1849870,02/04/2016 06:33:39 AM,41.743219959,-87.601367997
9998491,HY188713,11/27/2014 10:33:00 AM,051XX S INDIANA AVE,2820,OTHER OFFENSE,TELEPHONE THREAT,OTHER,false,false,0231,002,3,40,26,1178469,1871043,02/04/2016 06:33:39 AM,41.801448349,-87.621013135
9871476,HX521879,11/27/2014 12:05:00 AM,028XX E 95TH ST,0860,THEFT,RETAIL THEFT,GAS STATION,false,false,0431,004,10,51,06,1196846,1842514,02/10/2018 03:50:01 PM,41.722725152,-87.554566354
9871509,HX521905,11/27/2014 12:40:00 AM,039XX W ROOSEVELT RD,0460,BATTERY,SIMPLE,SIDEWALK,true,false,1011,010,24,29,08B,1150123,1894416,02/10/2018 03:50:01 PM,41.866184544,-87.724361483
9871512,HX521923,11/27/2014 02:05:00 AM,014XX N KEATING AVE,1320,CRIMINAL DAMAGE,TO VEHICLE,STREET,false,false,2533,025,37,25,14,1144457,1909250,02/10/2018 03:50:01 PM,41.906999197,-87.744788575
9871521,HX521927,11/27/2014 02:06:00 AM,003XX W ONTARIO ST,2250,LIQUOR LAW VIOLATION,LIQUOR LICENSE VIOLATION,BAR OR TAVERN,true,false,1831,018,42,8,22,1173634,1904417,02/10/2018 03:50:01 PM,41.893137832,-87.637753417
9871522,HX521931,11/27/2014 02:04:00 AM,022XX N LINCOLN AVE,1310,CRIMINAL DAMAGE,TO PROPERTY,BAR OR TAVERN,false,false,1812,018,43,7,14,1171492,1915271,02/10/2018 03:50:01 PM,41.922969177,-87.645300374
9871524,HX521885,11/27/2014 12:08:00 AM,046XX N MONTICELLO AVE,1305,CRIMINAL DAMAGE,CRIMINAL DEFACEMENT,RESIDENCE,true,false,1723,017,33,14,14,1151222,1930489,02/10/2018 03:50:01 PM,41.965150681,-87.719378928
9871526,HX521914,11/27/2014 12:52:00 AM,070XX S JEFFERY BLVD,3731,INTERFERENCE WITH PUBLIC OFFICER,OBSTRUCTING IDENTIFICATION,STREET,true,false,0332,003,5,43,24,1190759,1858794,02/10/2018 03:50:01 PM,41.76754789,-87.576337337
9871532,HX521953,11/27/2014 03:00:00 AM,049XX W IOWA ST,1310,CRIMINAL DAMAGE,TO PROPERTY,APARTMENT,false,false,1531,015,37,25,14,1143319,1905529,02/10/2018 03:50:01 PM,41.896809705,-87.749062075
9871533,HX521928,11/27/2014 01:45:00 AM,031XX N CENTRAL AVE,0486,BATTERY,DOMESTIC BATTERY SIMPLE,PARKING LOT/GARAGE(NON.RESID.),false,true,2514,025,30,19,08B,1138482,1920415,02/10/2018 03:50:01 PM,41.937747595,-87.766466466
9871534,HX521939,11/27/2014 02:36:00 AM,001XX N CICERO AVE,0486,BATTERY,DOMESTIC BATTERY SIMPLE,PARKING LOT/GARAGE(NON.RESID.),true,true,1532,015,28,25,08B,1144362,1900407,02/10/2018 03:50:01 PM,41.882734786,-87.745360167
9871535,HX521942,11/27/2014 02:35:00 AM,018XX N HUDSON AVE,1310,CRIMINAL DAMAGE,TO PROPERTY,RESIDENCE PORCH/HALLWAY,true,false,1813,018,43,7,14,1172975,1912486,02/10/2018 03:50:01 PM,41.915294229,-87.639934117
9871539,HX521921,11/27/2014 02:01:00 AM,022XX N LINCOLN AVE,0460,BATTERY,SIMPLE,RESTAURANT,true,false,1812,018,43,7,08B,1171527,1915238,02/10/2018 03:50:01 PM,41.922877853,-87.645172746
9871541,HX521961,11/27/2014 03:12:00 AM,076XX S STEWART AVE,0486,BATTERY,DOMESTIC BATTERY SIMPLE,APARTMENT,false,true,0621,006,17,69,08B,1174947,1854378,02/10/2018 03:50:01 PM,41.755797128,-87.634426259
9871543,HX521933,11/27/2014 02:20:00 AM,003XX W 105TH PL,1310,CRIMINAL DAMAGE,TO PROPERTY,RESIDENCE,false,true,0512,005,34,49,14,1175846,1834965,02/10/2018 03:50:01 PM,41.702505208,-87.631711558
9871551,HX521902,11/27/2014 12:15:00 AM,092XX S STONY ISLAND AVE,0910,MOTOR VEHICLE THEFT,AUTOMOBILE,OTHER,false,false,0413,004,8,48,07,1188402,1844127,02/10/2018 03:50:01 PM,41.727356848,-87.58544391
9871552,HX521894,11/27/2014 12:32:00 AM,001XX W 87TH ST,0560,ASSAULT,SIMPLE,RESTAURANT,true,false,0622,006,21,44,08A,1176778,1847275,02/10/2018 03:50:01 PM,41.736264617,-87.627929503
9871553,HX521968,11/27/2014 03:19:00 AM,045XX S FORRESTVILLE AVE,0486,BATTERY,DOMESTIC BATTERY SIMPLE,STREET,false,true,0221,002,3,38,08B,1180699,1875113,02/10/2018 03:50:01 PM,41.812565765,-87.612709827
9871555,HX521963,11/27/2014 03:20:00 AM,079XX S INDIANA AVE,0486,BATTERY,DOMESTIC BATTERY SIMPLE,RESIDENCE,false,true,0623,006,6,44,08B,1178970,1852339,02/10/2018 03:50:01 PM,41.75011125,-87.619744978
9871556,HX521970,11/27/2014 03:21:00 AM,003XX N HALSTED ST,0454,BATTERY,AGG PO HANDS NO/MIN INJURY,BAR OR TAVERN,false,false,1214,012,27,28,08B,1170994,1902180,02/10/2018 03:50:01 PM,41.88705768,-87.647514742
9871557,HX521983,11/27/2014 04:10:00 AM,014XX W 119TH ST,0460,BATTERY,SIMPLE,RESIDENCE,false,false,0524,005,34,53,08B,1168679,1825827,02/10/2018 03:50:01 PM,41.677586252,-87.658217461
9871558,HX521956,11/27/2014 02:30:00 AM,017XX S STATE ST,1310,CRIMINAL DAMAGE,TO PROPERTY,TAXICAB,true,false,0131,001,3,33,14,1176607,1891853,02/10/2018 03:50:01 PM,41.858594819,-87.627214427
9871559,HX521965,11/27/2014 03:30:00 AM,062XX S MARSHFIELD AVE,1330,CRIMINAL TRESPASS,TO LAND,RESIDENTIAL YARD (FRONT/BACK),true,true,0714,007,16,67,26,1166409,1863379,02/10/2018 03:50:01 PM,41.780683143,-87.665459906
9871563,HX521901,11/27/2014 12:30:00 AM,009XX W GEORGE ST,0486,BATTERY,DOMESTIC BATTERY SIMPLE,STREET,false,true,1933,019,44,6,08B,1169452,1919448,02/10/2018 03:50:01 PM,41.934475738,-87.652674137
9871564,HX521973,11/27/2014 03:29:00 AM,033XX W MONROE ST,0486,BATTERY,DOMESTIC BATTERY SIMPLE,APARTMENT,false,true,1124,011,28,27,08B,1154213,1899339,02/10/2018 03:50:01 PM,41.879613182,-87.709215249
9871565,HX521922,11/27/2014 02:06:00 AM,034XX N SHEFFIELD AVE,0460,BATTERY,SIMPLE,BAR OR TAVERN,false,false,1924,019,44,6,08B,1168992,1923202,02/10/2018 03:50:01 PM,41.944786889,-87.654255339
9871572,HX521994,11/27/2014 04:19:00 AM,055XX S OAK PARK AVE,1330,CRIMINAL TRESPASS,TO LAND,RESIDENTIAL YARD (FRONT/BACK),true,false,0811,008,23,56,26,1131993,1867086,02/10/2018 03:50:01 PM,41.791520087,-87.79155209
9871575,HX521960,11/27/2014 02:55:00 AM,103XX S WESTERN AVE,0460,BATTERY,SIMPLE,SIDEWALK,false,false,2211,022,19,72,08B,1162217,1835933,02/10/2018 03:50:01 PM,41.705455427,-87.681590704
9871581,HX521974,11/27/2014 03:51:00 AM,001XX N PARKSIDE AVE,0486,BATTERY,DOMESTIC BATTERY SIMPLE,APARTMENT,true,true,1512,015,29,25,08B,1138575,1900516,02/10/2018 03:50:01 PM,41.88314073,-87.76660788
9871582,HX521977,11/27/2014 03:15:00 AM,019XX W NORTH AVE,0486,BATTERY,DOMESTIC BATTERY SIMPLE,STREET,false,true,1434,014,32,24,08B,1163332,1910669,02/10/2018 03:50:01 PM,41.910516727,-87.675412593
9871583,HX521947,11/27/2014 02:05:00 AM,040XX W CHICAGO AVE,031A,ROBBERY,ARMED: HANDGUN,ALLEY,false,false,1111,011,37,23,03,1149383,1905041,02/10/2018 03:50:01 PM,41.895355102,-87.726802445
9871584,HX522001,11/27/2014 04:55:00 AM,052XX S WESTERN BLVD,1330,CRIMINAL TRESPASS,TO LAND,GOVERNMENT BUILDING/PROPERTY,false,false,0932,009,16,63,26,1161415,1869799,02/10/2018 03:50:01 PM,41.798405454,-87.683591034
9871585,HX521999,11/27/2014 05:15:00 AM,033XX S ABERDEEN ST,0460,BATTERY,SIMPLE,APARTMENT,false,false,0913,009,11,60,08B,1169525,1882717,02/10/2018 03:50:01 PM,41.833681711,-87.653475254
9871588,HX521982,11/27/2014 03:15:00 AM,039XX W 81ST PL,1320,CRIMINAL DAMAGE,TO VEHICLE,STREET,false,false,0834,008,18,70,14,1151645,1850250,02/10/2018 03:50:01 PM,41.744956931,-87.71993121
9871589,HX521985,11/27/2014 04:00:00 AM,005XX E 63RD ST,0610,BURGLARY,FORCIBLE ENTRY,SMALL RETAIL STORE,false,false,0312,003,20,42,05,1181083,1863362,02/10/2018 03:50:01 PM,41.780311146,-87.611663179
9871596,HX521990,11/27/2014 04:30:00 AM,009XX W BELMONT AVE,0460,BATTERY,SIMPLE,STREET,true,false,1933,019,44,6,08B,1169254,1921430,02/10/2018 03:50:01 PM,41.939918746,-87.653344007
9871599,HX522015,11/27/2014 06:05:00 AM,054XX S NORDICA AVE,051A,ASSAULT,AGGRAVATED: HANDGUN,STREET,false,false,0811,008,23,56,04A,1130293,1867800,02/10/2018 03:50:01 PM,41.793508666,-87.797769504
9871600,HX521949,11/27/2014 02:58:00 AM,078XX S WESTERN AVE,0860,THEFT,RETAIL THEFT,GAS STATION,false,false,0835,008,18,70,06,1161742,1852503,02/10/2018 03:50:01 PM,41.750936036,-87.682871596
9871603,HX522018,11/27/2014 06:10:00 AM,047XX S SEELEY AVE,1811,NARCOTICS,POSS: CANNABIS 30GMS OR LESS,PARKING LOT/GARAGE(NON.RESID.),true,false,0931,009,12,61,18,1163488,1873328,02/10/2018 03:50:01 PM,41.80804621,-87.675889917
9871608,HX522006,11/27/2014 05:49:00 AM,105XX S GREEN ST,0486,BATTERY,DOMESTIC BATTERY SIMPLE,RESIDENCE-GARAGE,false,false,2233,022,34,73,08B,1172514,1834948,02/10/2018 03:50:01 PM,41.702532401,-87.643912933
9871610,HX522011,11/27/2014 05:15:00 AM,002XX W WASHINGTON ST,0486,BATTERY,DOMESTIC BATTERY SIMPLE,APARTMENT,false,true,0122,001,42,32,08B,1174594,1900807,02/10/2018 03:50:01 PM,41.883210375,-87.634335728
9871611,HX521988,11/27/2014 03:15:00 AM,031XX N CENTRAL AVE,0460,BATTERY,SIMPLE,STREET,true,false,2514,025,30,19,08B,1138483,1920388,02/10/2018 03:50:01 PM,41.937673486,-87.766463447
9871617,HX522034,11/27/2014 07:00:00 AM,053XX W DRUMMOND PL,1310,CRIMINAL DAMAGE,TO PROPERTY,APARTMENT,false,false,2514,025,31,19,14,1140389,1917109,02/10/2018 03:50:01 PM,41.928640776,-87.759539101
9871619,HX522012,11/27/2014 05:10:00 AM,010XX N MONITOR AVE,0910,MOTOR VEHICLE THEFT,AUTOMOBILE,STREET,true,false,1511,015,29,25,07,1137172,1906290,02/10/2018 03:50:01 PM,41.899010637,-87.771621056
9871620,HX522014,11/27/2014 12:00:00 AM,034XX N HALSTED ST,0560,ASSAULT,SIMPLE,SIDEWALK,false,true,1925,019,44,6,08A,1170309,1923233,02/10/2018 03:50:01 PM,41.944843221,-87.649413709
9871626,HX522021,11/27/2014 04:00:00 AM,056XX S PRAIRIE AVE,0486,BATTERY,DOMESTIC BATTERY SIMPLE,RESIDENCE,false,true,0231,002,20,40,08B,1179002,1867708,02/10/2018 03:50:01 PM,41.792284664,-87.619160056
9871635,HX521992,11/27/2014 03:51:00 AM,029XX W ARTHINGTON ST,0486,BATTERY,DOMESTIC BATTERY SIMPLE,APARTMENT,true,true,1135,011,28,27,08B,1156929,1895897,02/10/2018 03:50:01 PM,41.870113358,-87.699335813
9871638,HX522058,11/27/2014 07:55:00 AM,025XX W 46TH ST,0486,BATTERY,DOMESTIC BATTERY SIMPLE,APARTMENT,false,true,0922,009,12,58,08B,1160244,1874091,02/10/2018 03:50:01 PM,41.810207458,-87.687767125
9871640,HX522037,11/27/2014 03:00:00 AM,021XX N KEDZIE AVE,1310,CRIMINAL DAMAGE,TO PROPERTY,RESIDENCE,false,false,1414,014,35,22,14,1154695,1914009,02/10/2018 03:50:01 PM,41.919859383,-87.707052177
9871643,HX522065,11/27/2014 07:00:00 AM,017XX W 47TH ST,0560,ASSAULT,SIMPLE,OTHER,false,false,0924,009,20,61,08A,1165369,1873532,02/10/2018 03:50:01 PM,41.808566317,-87.668985087
9871647,HX522041,11/27/2014 07:18:00 AM,014XX W ARTHUR AVE,0486,BATTERY,DOMESTIC BATTERY SIMPLE,OTHER,false,true,2432,024,40,1,08B,1165302,1943275,02/10/2018 03:50:01 PM,41.999947341,-87.667244566
9871648,HX522066,11/27/2014 12:00:00 AM,036XX W 65TH PL,1320,CRIMINAL DAMAGE,TO VEHICLE,STREET,false,false,0833,008,13,65,14,1153124,1860930,02/10/2018 03:50:01 PM,41.774235534,-87.714230233
9871651,HX522080,11/27/2014 01:00:00 AM,004XX N STATE ST,0460,BATTERY,SIMPLE,BAR OR TAVERN,false,false,1831,018,42,8,08B,1176302,1903096,02/10/2018 03:50:01 PM,41.889453169,-87.627994833
9871653,HX522101,11/27/2014 03:40:00 AM,014XX S KOMENSKY AVE,0820,THEFT,$500 AND UNDER,VACANT LOT/LAND,false,false,1011,010,24,29,06,1149614,1892885,02/10/2018 03:50:01 PM,41.861993191,-87.726269823
9871655,HX522086,11/27/2014 03:00:00 AM,043XX W 76TH ST,2820,OTHER OFFENSE,TELEPHONE THREAT,APARTMENT,false,false,0833,008,13,65,26,1148571,1853884,02/10/2018 03:50:01 PM,41.754988848,-87.731101768
9871656,HX522087,11/27/2014 12:01:00 AM,008XX W DICKENS AVE,1320,CRIMINAL DAMAGE,TO VEHICLE,STREET,false,false,1812,018,43,7,14,1170385,1914173,02/10/2018 03:50:01 PM,41.919980511,-87.649400014
9871657,HX522069,11/27/2014 12:01:00 AM,036XX W 79TH PL,0610,BURGLARY,FORCIBLE ENTRY,RESIDENCE-GARAGE,false,false,0834,008,18,70,05,1153454,1851637,02/10/2018 03:50:01 PM,41.748727515,-87.713266061
9871660,HX522049,11/27/2014 08:02:00 AM,047XX W DIVERSEY AVE,0610,BURGLARY,FORCIBLE ENTRY,RESIDENCE,true,false,2521,025,31,19,05,1144386,1918199,02/10/2018 03:50:01 PM,41.931557503,-87.744823797
9871663,HX522093,11/27/2014 08:02:00 AM,101XX S AVENUE L,2022,NARCOTICS,POSS: COCAINE,APARTMENT,true,false,0432,004,10,52,18,1201819,1838456,02/10/2018 03:50:01 PM,41.711464789,-87.536488851
9871665,HX522097,11/27/2014 09:00:00 AM,040XX W GRAND AVE,051B,ASSAULT,AGGRAVATED: OTHER FIREARM,APARTMENT,false,true,2534,025,37,23,04A,1148980,1909228,02/10/2018 03:50:01 PM,41.906852467,-87.7281741
9871667,HX522071,11/27/2014 08:30:00 AM,095XX S AVALON AVE,0486,BATTERY,DOMESTIC BATTERY SIMPLE,RESIDENCE,true,true,0511,005,8,50,08B,1186205,1842021,02/10/2018 03:50:01 PM,41.72162985,-87.593558035
9871668,HX522096,11/27/2014 09:00:00 AM,023XX W ROSEMONT AVE,0460,BATTERY,SIMPLE,RESIDENCE PORCH/HALLWAY,true,false,2413,024,50,2,08B,1159721,1941774,02/10/2018 03:50:01 PM,41.995945843,-87.687817365
9871669,HX522029,11/27/2014 01:00:00 AM,017XX W NORTH SHORE AVE,1310,CRIMINAL DAMAGE,TO PROPERTY,APARTMENT,false,false,2432,024,49,1,14,1163677,1944558,02/10/2018 03:50:01 PM,42.003502457,-87.673186151
9871670,HX522131,11/27/2014 10:10:00 AM,058XX S BISHOP ST,0486,BATTERY,DOMESTIC BATTERY SIMPLE,APARTMENT,false,true,0713,007,16,67,08B,1167659,1866169,02/10/2018 03:50:01 PM,41.788312511,-87.660797164
9871672,HX522117,11/27/2014 05:00:00 AM,113XX S COTTAGE GROVE AVE,0610,BURGLARY,FORCIBLE ENTRY,RESIDENCE-GARAGE,false,false,0531,005,9,50,05,1181587,1829870,02/10/2018 03:50:01 PM,41.688393565,-87.610846177
9871678,HX522147,11/27/2014 09:00:00 AM,101XX S EXCHANGE AVE,0810,THEFT,OVER $500,RESIDENCE,false,true,0431,004,10,51,06,1197500,1838200,02/10/2018 03:50:01 PM,41.710870894,-87.552314223
9871680,HX522118,11/27/2014 08:40:00 AM,046XX W ADAMS ST,2014,NARCOTICS,MANU/DELIVER: HEROIN (WHITE),ABANDONED BUILDING,true,false,1113,011,28,25,18,1145404,1898720,02/10/2018 03:50:01 PM,41.878085803,-87.74157658
9871681,HX522102,11/27/2014 08:10:00 AM,050XX S KEDZIE AVE,0820,THEFT,$500 AND UNDER,DEPARTMENT STORE,false,false,0821,008,14,63,06,1155898,1870955,02/10/2018 03:50:01 PM,41.80169033,-87.703792065
9871686,HX522154,11/27/2014 10:17:00 AM,007XX E 38TH PL,0486,BATTERY,DOMESTIC BATTERY SIMPLE,STREET,false,true,0212,002,4,36,08B,1181886,1879646,02/10/2018 03:50:01 PM,41.824977261,-87.608215639
9871688,HX522048,11/27/2014 07:40:00 AM,096XX S EXCHANGE AVE,1310,CRIMINAL DAMAGE,TO PROPERTY,APARTMENT,false,true,0431,004,10,51,14,1197437,1841676,02/10/2018 03:50:01 PM,41.720410916,-87.55242948
9871689,HX522155,11/27/2014 10:15:00 AM,049XX N BROADWAY,0460,BATTERY,SIMPLE,PARKING LOT/GARAGE(NON.RESID.),false,false,2033,020,48,3,08B,1167418,1933160,02/10/2018 03:50:01 PM,41.972146095,-87.659752985
9871691,HX522089,11/27/2014 05:30:00 AM,015XX S ALBANY AVE,0610,BURGLARY,FORCIBLE ENTRY,"SCHOOL, PUBLIC, BUILDING",false,false,1022,010,24,29,05,1155955,1892568,02/10/2018 03:50:01 PM,41.860997913,-87.70300142
9871694,HX522100,11/27/2014 09:15:00 AM,018XX N KILDARE AVE,0486,BATTERY,DOMESTIC BATTERY SIMPLE,RESIDENCE,true,true,2534,025,30,20,08B,1147431,1911936,02/10/2018 03:50:01 PM,41.914313338,-87.733794738
9871700,HX522152,11/27/2014 10:20:00 AM,059XX W ADDISON ST,0860,THEFT,RETAIL THEFT,SMALL RETAIL STORE,false,false,1633,016,38,15,06,1136115,1923329,02/10/2018 03:50:01 PM,41.945786539,-87.775096032
9871703,HX522138,11/27/2014 07:15:00 AM,012XX S TRIPP AVE,1320,CRIMINAL DAMAGE,TO VEHICLE,STREET,false,false,1011,010,24,29,14,1148242,1894200,02/10/2018 03:50:01 PM,41.865628222,-87.731272415
9871714,HX522204,11/27/2014 11:00:00 AM,008XX S STATE ST,0820,THEFT,$500 AND UNDER,OTHER,false,false,0123,001,2,32,06,1176487,1896508,02/10/2018 03:50:01 PM,41.871371147,-87.627514417
9871715,HX522193,11/27/2014 10:23:00 AM,035XX W 44TH ST,1811,NARCOTICS,POSS: CANNABIS 30GMS OR LESS,STREET,true,false,0821,008,14,58,18,1153676,1875249,02/10/2018 03:50:01 PM,41.813518031,-87.711827192
9871718,HX522091,11/27/2014 07:30:00 AM,015XX W 91ST ST,0910,MOTOR VEHICLE THEFT,AUTOMOBILE,TAVERN/LIQUOR STORE,false,false,2221,022,21,73,07,1167761,1844388,02/10/2018 03:50:01 PM,41.728540323,-87.661047283
9871719,HX521984,11/27/2014 04:21:00 AM,052XX W NORTH AVE,0610,BURGLARY,FORCIBLE ENTRY,SMALL RETAIL STORE,false,false,2532,025,37,25,05,1140988,1910130,02/10/2018 03:50:01 PM,41.909478624,-87.757510145
9871720,HX522008,11/27/2014 04:21:00 AM,052XX W NORTH AVE,0930,MOTOR VEHICLE THEFT,THEFT/RECOVERY: AUTOMOBILE,ALLEY,false,false,2532,025,37,25,07,1140988,1910130,02/10/2018 03:50:01 PM,41.909478624,-87.757510145
9871722,HX522134,11/27/2014 10:03:00 AM,087XX S SANGAMON ST,1310,CRIMINAL DAMAGE,TO PROPERTY,RESIDENCE,false,false,2222,022,21,71,14,1171503,1846815,02/10/2018 03:50:01 PM,41.735119333,-87.64726867
9871723,HX522061,11/27/2014 07:54:00 AM,040XX W LEXINGTON ST,0610,BURGLARY,FORCIBLE ENTRY,OTHER,true,false,1132,011,24,26,05,1149474,1896469,02/10/2018 03:50:01 PM,41.871830825,-87.726690774
9871732,HX522157,11/27/2014 10:27:00 AM,042XX N LINCOLN AVE,0486,BATTERY,DOMESTIC BATTERY SIMPLE,STREET,false,true,1911,019,47,5,08B,1161557,1927958,02/10/2018 03:50:01 PM,41.957995991,-87.681450338
9871736,HX522159,11/27/2014 10:35:00 AM,117XX S YALE AVE,1310,CRIMINAL DAMAGE,TO PROPERTY,RESIDENCE,true,true,0522,005,34,53,14,1176718,1827121,02/10/2018 03:50:01 PM,41.680960571,-87.628753477
9871737,HX522188,11/27/2014 11:30:00 AM,031XX S ASHLAND AVE,0860,THEFT,RETAIL THEFT,GROCERY FOOD STORE,true,false,0912,009,11,59,06,1166183,1883676,02/10/2018 03:50:01 PM,41.836385231,-87.66571041
9871739,HX522217,11/27/2014 12:00:00 PM,052XX S MOZART ST,0497,BATTERY,AGGRAVATED DOMESTIC BATTERY: OTHER DANG WEAPON,RESIDENCE,false,true,0923,009,14,63,04B,1158261,1869850,02/10/2018 03:50:01 PM,41.798610243,-87.695156058
9871742,HX522205,11/27/2014 11:40:00 AM,048XX W NORTH AVE,0460,BATTERY,SIMPLE,PARKING LOT/GARAGE(NON.RESID.),false,false,2533,025,37,25,08B,1143844,1910199,02/10/2018 03:50:01 PM,41.909614875,-87.747016581
9871743,HX522208,11/27/2014 11:40:00 AM,015XX N LATROBE AVE,1310,CRIMINAL DAMAGE,TO PROPERTY,STREET,false,true,2532,025,37,25,14,1141083,1909806,02/10/2018 03:50:01 PM,41.90858778,-87.757169146
9871747,HX522165,11/27/2014 06:05:00 AM,058XX W IOWA ST,0820,THEFT,$500 AND UNDER,STREET,false,false,1511,015,29,25,06,1137280,1905408,02/10/2018 03:50:01 PM,41.896588377,-87.771245594
9871749,HX522228,11/27/2014 12:30:00 PM,058XX S CLAREMONT AVE,0610,BURGLARY,FORCIBLE ENTRY,RESIDENCE,false,false,0824,008,16,63,05,1161752,1865871,02/10/2018 03:50:01 PM,41.787619514,-87.682464242
9871757,HX522218,11/27/2014 12:05:00 PM,059XX S KENNETH AVE,0486,BATTERY,DOMESTIC BATTERY SIMPLE,RESIDENCE,false,true,0813,008,13,65,08B,1147718,1864867,02/10/2018 03:50:01 PM,41.78514439,-87.733947321
9871758,HX522239,11/27/2014 12:45:00 PM,024XX W 47TH PL,143A,WEAPONS VIOLATION,UNLAWFUL POSS OF HANDGUN,SIDEWALK,false,false,0922,009,12,58,15,1160893,1873113,02/10/2018 03:50:01 PM,41.807510302,-87.685413708
9871760,HX522259,11/27/2014 01:00:00 PM,004XX N HARDING AVE,0486,BATTERY,DOMESTIC BATTERY SIMPLE,SIDEWALK,false,true,1122,011,27,23,08B,1149979,1902686,02/10/2018 03:50:01 PM,41.888881152,-87.724674821
9871761,HX522174,11/27/2014 10:55:00 AM,072XX S OGLESBY AVE,1320,CRIMINAL DAMAGE,TO VEHICLE,STREET,false,false,0334,003,7,43,14,1193132,1857376,02/10/2018 03:50:01 PM,41.763599151,-87.567685687
9871762,HX522184,11/27/2014 12:55:00 AM,044XX W WALTON ST,0460,BATTERY,SIMPLE,APARTMENT,false,false,1111,011,37,23,08B,1146658,1905959,02/10/2018 03:50:01 PM,41.897926619,-87.736787355
9871767,HX522137,11/27/2014 08:00:00 AM,014XX W 112TH PL,2820,OTHER OFFENSE,TELEPHONE THREAT,RESIDENCE,false,false,2234,022,34,75,26,1168418,1830098,02/10/2018 03:50:01 PM,41.689312209,-87.659050452
9871773,HX522262,11/27/2014 12:00:00 PM,065XX S DAMEN AVE,0820,THEFT,$500 AND UNDER,RESIDENCE,false,false,0726,007,15,67,06,1164153,1861315,02/10/2018 03:50:01 PM,41.775067039,-87.673788879
9871774,HX522105,11/27/2014 02:00:00 AM,079XX S SOUTH SHORE DR,0820,THEFT,$500 AND UNDER,STREET,false,false,0422,004,7,46,06,1198534,1852897,02/10/2018 03:50:01 PM,41.751174826,-87.548036521
9871777,HX522108,11/27/2014 05:00:00 AM,079XX S SOUTH CHICAGO AVE,1152,DECEPTIVE PRACTICE,ILLEGAL USE CASH CARD,RESIDENCE,false,false,0411,004,8,45,11,1188605,1852624,02/10/2018 03:50:01 PM,41.750668612,-87.584429441
9871785,HX522231,11/27/2014 09:00:00 AM,081XX S INGLESIDE AVE,0820,THEFT,$500 AND UNDER,APARTMENT,false,true,0631,006,8,44,06,1183977,1851296,02/10/2018 03:50:01 PM,41.747133731,-87.601429812
9871790,HX522248,11/27/2014 01:05:00 PM,056XX W NORTH AVE,0810,THEFT,OVER $500,APARTMENT,false,true,2531,025,29,25,06,1138123,1910063,02/10/2018 03:50:01 PM,41.909347064,-87.768036689
9871791,HX522168,11/27/2014 10:50:00 AM,017XX N NEWCASTLE AVE,0486,BATTERY,DOMESTIC BATTERY SIMPLE,RESIDENCE,false,true,2513,025,36,25,08B,1130488,1910820,02/10/2018 03:50:01 PM,41.911559024,-87.796067412
9871792,HX522255,11/27/2014 01:40:00 PM,005XX W 14TH PL,0460,BATTERY,SIMPLE,OTHER,true,false,0124,001,2,28,08B,1172830,1893222,02/10/2018 03:50:01 PM,41.862435859,-87.641037824
9871795,HX522175,11/27/2014 10:40:00 AM,007XX E 46TH ST,0486,BATTERY,DOMESTIC BATTERY SIMPLE,APARTMENT,false,true,0221,002,4,38,08B,1182146,1874679,02/10/2018 03:50:01 PM,41.811341416,-87.607415729
9871796,HX522224,11/27/2014 12:00:00 PM,088XX S EAST END AVE,0820,THEFT,$500 AND UNDER,RESIDENCE,true,true,0412,004,8,48,06,1189097,1846645,02/10/2018 03:50:01 PM,41.734249897,-87.582817634
9871804,HX522183,11/27/2014 11:10:00 AM,057XX S SANGAMON ST,041A,BATTERY,AGGRAVATED: HANDGUN,SIDEWALK,false,false,0712,007,16,68,04B,1170953,1866868,02/10/2018 03:50:01 PM,41.790159304,-87.648698923
9871806,HX522284,11/27/2014 09:30:00 AM,016XX W 35TH ST,1310,CRIMINAL DAMAGE,TO PROPERTY,GROCERY FOOD STORE,false,false,0912,009,11,59,14,1165774,1881521,02/10/2018 03:50:01 PM,41.830480404,-87.667272495
9871815,HX522238,11/27/2014 12:55:00 PM,008XX N LECLAIRE AVE,0560,ASSAULT,SIMPLE,RESIDENCE,false,true,1531,015,37,25,08A,1142203,1905086,02/10/2018 03:50:01 PM,41.895614843,-87.753172018
9871818,HX522256,11/27/2014 12:15:00 PM,019XX S CENTRAL PARK AVE,0320,ROBBERY,STRONGARM - NO WEAPON,SIDEWALK,false,false,1024,010,24,29,03,1152684,1890083,02/10/2018 03:50:01 PM,41.854244056,-87.715074318
9871820,HX522242,11/27/2014 01:00:00 PM,008XX E 90TH ST,0650,BURGLARY,HOME INVASION,APARTMENT,false,false,0633,006,8,44,05,1183391,1845481,02/10/2018 03:50:01 PM,41.731190387,-87.603757691
9871824,HX522295,11/27/2014 02:40:00 PM,092XX S JUSTINE ST,0460,BATTERY,SIMPLE,RESIDENCE,true,false,2221,022,21,73,08B,1167625,1843469,02/10/2018 03:50:01 PM,41.726021363,-87.661571753
9871826,HX522261,11/27/2014 01:00:00 PM,087XX S CRANDON AVE,0560,ASSAULT,SIMPLE,RESIDENCE,false,false,0412,004,8,48,08A,1193022,1847321,02/10/2018 03:50:01 PM,41.736010081,-87.568416484
9871829,HX522307,11/27/2014 02:00:00 AM,023XX S HOYNE AVE,0486,BATTERY,DOMESTIC BATTERY SIMPLE,APARTMENT,true,true,1034,010,25,31,08B,1162740,1888300,02/10/2018 03:50:01 PM,41.849146707,-87.678214646
9871836,HX522326,11/27/2014 02:52:00 PM,008XX W WELLINGTON AVE,0460,BATTERY,SIMPLE,HOSPITAL BUILDING/GROUNDS,true,false,1933,019,44,6,08B,1169981,1920130,02/10/2018 03:50:01 PM,41.936335635,-87.650710119
9871837,HX522305,11/27/2014 01:30:00 PM,054XX N CUMBERLAND AVE,0460,BATTERY,SIMPLE,ATHLETIC CLUB,false,false,1614,016,41,76,08B,1119317,1935168,02/10/2018 03:50:01 PM,41.97855782,-87.836588785
9871839,HX522319,11/27/2014 02:25:00 PM,034XX W CERMAK RD,0810,THEFT,OVER $500,STREET,false,false,1024,010,24,30,06,1153986,1889167,02/10/2018 03:50:01 PM,41.851704621,-87.710319822
9871841,HX522339,11/27/2014 03:50:00 PM,059XX W AUGUSTA BLVD,1320,CRIMINAL DAMAGE,TO VEHICLE,STREET,false,false,1511,015,29,25,14,1136661,1906057,02/10/2018 03:50:01 PM,41.898380421,-87.773503557
9871842,HX522345,11/27/2014 03:45:00 PM,057XX S HAMILTON AVE,0460,BATTERY,SIMPLE,RESIDENCE,false,false,0715,007,15,67,08B,1163016,1866524,02/10/2018 03:50:01 PM,41.78938508,-87.677811409
9871843,HX522330,11/27/2014 03:20:00 PM,049XX W HUBBARD ST,1320,CRIMINAL DAMAGE,TO VEHICLE,STREET,false,false,1532,015,28,25,14,1143372,1902559,02/10/2018 03:50:01 PM,41.888658688,-87.748941709
9871848,HX522359,11/27/2014 02:00:00 PM,034XX S BELL AVE,0820,THEFT,$500 AND UNDER,RESIDENCE,false,false,0912,009,11,59,06,1161920,1881734,02/10/2018 03:50:01 PM,41.831146027,-87.681407044
9871852,HX522281,11/27/2014 01:00:00 PM,083XX S KARLOV AVE,0560,ASSAULT,SIMPLE,RESIDENCE,false,false,0834,008,18,70,08A,1150524,1848849,02/10/2018 03:50:01 PM,41.741134196,-87.724075123
9871854,HX522313,11/27/2014 02:30:00 PM,014XX N SEDGWICK ST,1330,CRIMINAL TRESPASS,TO LAND,CHA APARTMENT,true,false,1821,018,27,8,26,1173383,1909988,02/10/2018 03:50:01 PM,41.908430535,-87.638509526
9871856,HX522358,11/27/2014 03:29:00 PM,058XX S PRAIRIE AVE,0910,MOTOR VEHICLE THEFT,AUTOMOBILE,STREET,false,false,0232,002,20,40,07,1179036,1866453,02/10/2018 03:50:01 PM,41.78884005,-87.619073616
9871859,HX522331,11/27/2014 03:13:00 PM,064XX S FAIRFIELD AVE,4387,OTHER OFFENSE,VIOLATE ORDER OF PROTECTION,RESIDENCE,true,false,0825,008,15,66,26,1159150,1861880,02/10/2018 03:50:01 PM,41.776721306,-87.692113868
9871864,HX522369,11/27/2014 04:20:00 PM,013XX S CANAL ST,0860,THEFT,RETAIL THEFT,GROCERY FOOD STORE,true,false,0124,001,2,28,06,1173336,1893976,02/10/2018 03:50:01 PM,41.864493678,-87.639158
9871868,HX522373,11/27/2014 04:30:00 PM,035XX N BROADWAY,0860,THEFT,RETAIL THEFT,GROCERY FOOD STORE,true,false,1925,019,46,6,06,1171076,1923738,02/10/2018 03:50:01 PM,41.946212132,-87.646579678
9871869,HX522344,11/27/2014 03:36:00 PM,051XX W CRYSTAL ST,041A,BATTERY,AGGRAVATED: HANDGUN,SIDEWALK,false,false,2533,025,37,25,04B,1141964,1907840,02/10/2018 03:50:01 PM,41.90317657,-87.753981516
9871870,HX522392,11/27/2014 05:00:00 PM,004XX S LA SALLE ST,0530,ASSAULT,AGGRAVATED: OTHER DANG WEAPON,STREET,true,false,0122,001,2,32,04A,1175315,1898388,02/10/2018 03:50:01 PM,41.876556349,-87.631760814
9871873,HX522391,11/27/2014 12:00:00 PM,004XX W 37TH PL,1150,DECEPTIVE PRACTICE,CREDIT CARD FRAUD,STREET,false,false,0915,009,11,34,11,1174088,1880065,02/10/2018 03:50:01 PM,41.826304074,-87.636811611
9871875,HX522385,11/27/2014 04:30:00 PM,002XX W 107TH PL,1821,NARCOTICS,MANU/DEL:CANNABIS 10GM OR LESS,STREET,true,false,0513,005,34,49,18,1176688,1833657,02/10/2018 03:50:01 PM,41.698897002,-87.628667578
9871876,HX522382,11/27/2014 05:30:00 PM,055XX S MAY ST,0496,BATTERY,AGGRAVATED DOMESTIC BATTERY: KNIFE/CUTTING INST,APARTMENT,false,true,0712,007,16,68,04B,1169596,1868041,02/10/2018 03:50:01 PM,41.793407697,-87.653640659
9871877,HX522381,11/27/2014 04:45:00 PM,102XX S EGGLESTON AVE,031A,ROBBERY,ARMED: HANDGUN,STREET,false,false,2232,022,9,73,03,1175318,1836800,02/10/2018 03:50:01 PM,41.707552501,-87.633590349
9871880,HX522349,11/27/2014 01:30:00 AM,026XX N LINCOLN AVE,0460,BATTERY,SIMPLE,SIDEWALK,false,false,1932,019,32,7,08B,1168687,1917914,02/10/2018 03:50:01 PM,41.930283,-87.655530062
9871881,HX522286,11/27/2014 12:00:00 PM,042XX W HIRSCH ST,0910,MOTOR VEHICLE THEFT,AUTOMOBILE,STREET,false,false,2534,025,37,23,07,1148021,1908988,02/10/2018 03:50:01 PM,41.906212394,-87.731703119
9871882,HX522402,11/27/2014 05:30:00 PM,063XX S DR MARTIN LUTHER KING JR DR,0910,MOTOR VEHICLE THEFT,AUTOMOBILE,STREET,false,false,0312,003,20,69,07,1180005,1863280,02/10/2018 03:50:01 PM,41.780110888,-87.615617777
9871887,HX522308,11/27/2014 02:45:00 PM,003XX E 68TH ST,2820,OTHER OFFENSE,TELEPHONE THREAT,APARTMENT,false,false,0322,003,20,69,26,1179461,1859996,02/10/2018 03:50:01 PM,41.771111702,-87.617712333
9871890,HX522360,11/27/2014 02:00:00 PM,070XX S STATE ST,1780,OFFENSE INVOLVING CHILDREN,OTHER OFFENSE,GAS STATION,false,true,0322,003,6,69,26,1177514,1857990,02/10/2018 03:50:01 PM,41.765651252,-87.624909847
9871894,HX522411,11/27/2014 06:15:00 PM,043XX W IRVING PARK RD,1330,CRIMINAL TRESPASS,TO LAND,CONVENIENCE STORE,false,false,1731,017,38,16,26,1146792,1926231,02/10/2018 03:50:01 PM,41.953552346,-87.7357763
9871896,HX522395,11/27/2014 02:50:00 PM,015XX S HARDING AVE,0430,BATTERY,AGGRAVATED: OTHER DANG WEAPON,STREET,false,false,1014,010,24,29,04B,1150297,1892254,02/10/2018 03:50:01 PM,41.860248372,-87.723779062
9871901,HX522399,11/27/2014 12:00:00 PM,067XX S LAFLIN ST,0810,THEFT,OVER $500,STREET,false,false,0725,007,17,67,06,1167498,1859958,02/10/2018 03:50:01 PM,41.771272206,-87.661565398
9871904,HX522378,11/27/2014 05:00:00 PM,031XX W MONROE ST,051A,ASSAULT,AGGRAVATED: HANDGUN,STREET,false,true,1124,011,28,27,04A,1155665,1899371,02/10/2018 03:50:01 PM,41.879671894,-87.703882833
9871905,HX522258,11/27/2014 11:45:00 AM,0000X S PULASKI RD,0820,THEFT,$500 AND UNDER,SIDEWALK,false,false,1122,011,28,26,06,1149731,1899625,02/10/2018 03:50:01 PM,41.880486258,-87.725665179
9871914,HX522322,11/27/2014 03:14:00 PM,017XX W PETERSON AVE,0460,BATTERY,SIMPLE,CHA APARTMENT,false,false,2433,024,40,77,08B,1163541,1939920,02/10/2018 03:50:01 PM,41.990778534,-87.673817911
9871915,HX522409,11/27/2014 05:45:00 PM,039XX W 82ND PL,0486,BATTERY,DOMESTIC BATTERY SIMPLE,RESIDENCE,false,true,0834,008,18,70,08B,1151582,1849581,02/10/2018 03:50:01 PM,41.743122311,-87.720179522
9871917,HX522336,11/27/2014 02:54:00 PM,022XX W LELAND AVE,0486,BATTERY,DOMESTIC BATTERY SIMPLE,APARTMENT,false,true,1911,019,47,4,08B,1160572,1931171,02/10/2018 03:50:01 PM,41.966833129,-87.684982165
9871918,HX522415,11/27/2014 03:34:00 PM,033XX W MADISON ST,502R,OTHER OFFENSE,VEHICLE TITLE/REG OFFENSE,ALLEY,true,false,1124,011,28,27,26,1154225,1899821,02/10/2018 03:50:01 PM,41.8809356,-87.709158314
9871920,HX522377,11/27/2014 04:30:00 PM,072XX S GREEN ST,1320,CRIMINAL DAMAGE,TO VEHICLE,STREET,false,true,0733,007,17,68,14,1171890,1856823,02/10/2018 03:50:01 PM,41.762574119,-87.645557783
9871925,HX522343,11/27/2014 03:15:00 PM,0000X E PEARSON ST,0479,BATTERY,AGG: HANDS/FIST/FEET SERIOUS INJURY,RESIDENCE,true,false,1833,018,42,8,04B,1176685,1906048,02/10/2018 03:50:01 PM,41.897544957,-87.626499005
9871926,HX522328,11/27/2014 03:30:00 PM,078XX S BURNHAM AVE,1310,CRIMINAL DAMAGE,TO PROPERTY,APARTMENT,false,false,0421,004,7,43,14,1196080,1853618,02/10/2018 03:50:01 PM,41.753214416,-87.557005172
9871933,HX522442,11/27/2014 07:45:00 PM,078XX S HALSTED ST,0460,BATTERY,SIMPLE,COMMERCIAL / BUSINESS OFFICE,true,false,0621,006,17,71,08B,1172330,1852778,02/10/2018 03:50:01 PM,41.751464464,-87.644063902
9871939,HX522430,11/27/2014 07:00:00 PM,034XX N ALBANY AVE,051A,ASSAULT,AGGRAVATED: HANDGUN,RESIDENCE,true,false,1733,017,33,21,04A,1155110,1922704,02/10/2018 03:50:01 PM,41.943710797,-87.705293377
9871943,HX522466,11/27/2014 08:20:00 PM,118XX S LAFAYETTE AVE,1310,CRIMINAL DAMAGE,TO PROPERTY,RESIDENCE-GARAGE,true,false,0522,005,34,53,14,1178043,1826420,02/10/2018 03:50:01 PM,41.679007084,-87.623924449
9871946,HX522459,11/27/2014 08:00:00 PM,047XX S COTTAGE GROVE AVE,1780,OFFENSE INVOLVING CHILDREN,OTHER OFFENSE,RESTAURANT,false,true,0223,002,4,38,26,1182386,1873939,02/10/2018 03:50:01 PM,41.809305232,-87.606558389
9871951,HX522426,11/27/2014 07:00:00 PM,052XX N CLARK ST,0820,THEFT,$500 AND UNDER,RESTAURANT,false,false,2012,020,40,77,06,1165060,1935105,02/10/2018 03:50:01 PM,41.97753379,-87.668368188
9871958,HX522454,11/27/2014 08:03:00 PM,071XX S WINCHESTER AVE,0486,BATTERY,DOMESTIC BATTERY SIMPLE,SIDEWALK,true,true,0735,007,17,67,08B,1164592,1857276,02/10/2018 03:50:01 PM,41.763974224,-87.672293358
9871960,HX522494,11/27/2014 06:25:00 PM,008XX N MICHIGAN AVE,0810,THEFT,OVER $500,RESTAURANT,false,false,1833,018,42,8,06,1177330,1906499,02/10/2018 03:50:01 PM,41.898767916,-87.624116333
9871963,HX522473,11/27/2014 08:25:00 PM,011XX W WILSON AVE,0560,ASSAULT,SIMPLE,APARTMENT,false,false,1913,019,46,3,08A,1167822,1930700,02/10/2018 03:50:01 PM,41.965387049,-87.658338686
9871964,HX522457,11/27/2014 08:05:00 PM,003XX S STATE ST,0460,BATTERY,SIMPLE,CTA PLATFORM,true,false,0113,001,2,32,08B,1176427,1898814,02/10/2018 03:50:01 PM,41.877700303,-87.627665093
9871967,HX522481,11/27/2014 08:32:00 PM,047XX W IRVING PARK RD,0850,THEFT,ATTEMPT THEFT,DEPARTMENT STORE,false,false,1722,017,45,15,06,1143937,1926169,02/10/2018 03:50:01 PM,41.953436358,-87.746273229
9871971,HX522504,11/27/2014 08:45:00 PM,113XX S ABERDEEN ST,0460,BATTERY,SIMPLE,RESIDENCE,true,false,2234,022,34,75,08B,1171018,1829668,02/10/2018 03:50:01 PM,41.688075977,-87.649544377
9871972,HX522510,11/27/2014 08:37:00 PM,013XX N ASHLAND AVE,0860,THEFT,RETAIL THEFT,SMALL RETAIL STORE,true,false,1433,014,1,24,06,1165480,1909088,02/10/2018 03:50:01 PM,41.906132875,-87.667566751
9871992,HX522533,11/27/2014 10:43:00 PM,017XX N LARAMIE AVE,1210,DECEPTIVE PRACTICE,THEFT OF LABOR/SERVICES,VEHICLE NON-COMMERCIAL,false,false,2532,025,37,25,11,1141461,1911012,02/10/2018 03:50:01 PM,41.911890203,-87.755750706
9871993,HX522550,11/27/2014 10:30:00 PM,001XX N STATE ST,0860,THEFT,RETAIL THEFT,SMALL RETAIL STORE,true,false,0111,001,42,32,06,1176352,1900927,02/10/2018 03:50:01 PM,41.883500187,-87.627876698
9871995,HX522546,11/27/2014 11:10:00 PM,057XX S ADA ST,0460,BATTERY,SIMPLE,RESIDENCE,true,false,0713,007,16,67,08B,1168305,1866776,02/10/2018 03:50:01 PM,41.7899643,-87.658411055
9872023,HX522544,11/27/2014 10:55:00 PM,006XX E 62ND ST,0486,BATTERY,DOMESTIC BATTERY SIMPLE,SIDEWALK,true,true,0313,003,20,42,08B,1181432,1864037,02/10/2018 03:50:01 PM,41.782155365,-87.610362894
9872025,HX522539,11/27/2014 10:45:00 PM,006XX N SPRINGFIELD AVE,0486,BATTERY,DOMESTIC BATTERY SIMPLE,STREET,false,true,1122,011,27,23,08B,1150273,1904088,02/10/2018 03:50:01 PM,41.89272266,-87.723558542
9872057,HX522637,11/27/2014 08:30:00 PM,090XX S CLYDE AVE,0920,MOTOR VEHICLE THEFT,ATT: AUTOMOBILE,STREET,false,false,0413,004,7,48,07,1191750,1845461,02/10/2018 03:50:01 PM,41.730936995,-87.573136738
9872058,HX522563,11/27/2014 11:23:00 PM,081XX S BENNETT AVE,0498,BATTERY,AGGRAVATED DOMESTIC BATTERY: HANDS/FIST/FEET SERIOUS INJURY,RESIDENCE,false,false,0414,004,8,46,04B,1190278,1851467,02/10/2018 03:50:01 PM,41.747453577,-87.578336078
9872063,HX522557,11/27/2014 11:30:00 PM,046XX W MAYPOLE AVE,051A,ASSAULT,AGGRAVATED: HANDGUN,STREET,false,false,1113,011,28,25,04A,1145349,1901055,02/10/2018 03:50:01 PM,41.884494361,-87.741719427
9872066,HX522280,11/27/2014 02:00:00 PM,066XX S BELL AVE,1320,CRIMINAL DAMAGE,TO VEHICLE,STREET,false,true,0832,008,15,66,14,1162546,1860612,02/10/2018 03:50:01 PM,41.773171579,-87.679699536
9872069,HX522567,11/27/2014 03:00:00 PM,052XX W 64TH PL,1310,CRIMINAL DAMAGE,TO PROPERTY,RESIDENCE PORCH/HALLWAY,false,false,0813,008,13,64,14,1142460,1861184,02/10/2018 03:50:01 PM,41.775136568,-87.753316877
9872072,HX522621,11/27/2014 04:45:00 PM,023XX N AVERS AVE,0930,MOTOR VEHICLE THEFT,THEFT/RECOVERY: AUTOMOBILE,STREET,false,false,2525,025,35,22,07,1150326,1915247,02/10/2018 03:50:01 PM,41.923342999,-87.723072319
9872083,HX522652,11/27/2014 10:30:00 PM,093XX S HALSTED ST,1360,CRIMINAL TRESPASS,TO VEHICLE,STREET,false,false,2223,022,21,73,26,1172621,1842870,02/10/2018 03:50:01 PM,41.724269178,-87.643288649
9872098,HX522554,11/27/2014 10:10:00 PM,041XX N MC VICKER AVE,0486,BATTERY,DOMESTIC BATTERY SIMPLE,APARTMENT,false,true,1624,016,38,15,08B,1135277,1926960,02/10/2018 03:50:01 PM,41.955765312,-87.778089813
9872153,HX522512,11/27/2014 05:00:00 PM,053XX W WINONA ST,0620,BURGLARY,UNLAWFUL ENTRY,RESIDENCE,false,false,1623,016,45,11,05,1139816,1933733,02/10/2018 03:50:01 PM,41.974269108,-87.761236937
9872155,HX522244,11/27/2014 04:00:00 AM,016XX W RASCHER AVE,0810,THEFT,OVER $500,RESIDENCE,false,false,2012,020,40,77,06,1164423,1936262,02/10/2018 03:50:01 PM,41.980722183,-87.670677817
9872222,HX522197,11/27/2014 11:25:00 AM,002XX E 68TH ST,0486,BATTERY,DOMESTIC BATTERY SIMPLE,RESIDENCE,false,true,0322,003,20,69,08B,1178924,1859978,02/10/2018 03:50:01 PM,41.771074552,-87.619681313
9872228,HX522671,11/27/2014 03:00:00 PM,061XX N HOYNE AVE,0910,MOTOR VEHICLE THEFT,AUTOMOBILE,STREET,false,false,2413,024,40,2,07,1161220,1940509,02/10/2018 03:50:01 PM,41.992443501,-87.68233862
9872230,HX522727,11/27/2014 05:00:00 PM,049XX W ROSCOE ST,0910,MOTOR VEHICLE THEFT,AUTOMOBILE,STREET,false,false,1634,016,38,15,07,1142751,1922149,02/10/2018 03:50:01 PM,41.942427323,-87.750733574
9872236,HX522693,11/27/2014 10:30:00 PM,092XX S COLFAX AVE,0920,MOTOR VEHICLE THEFT,ATT: AUTOMOBILE,STREET,false,false,0423,004,7,48,07,1195113,1844274,02/10/2018 03:50:01 PM,41.727597596,-87.560856152
9872245,HX522726,11/27/2014 11:30:00 PM,069XX S CORNELL AVE,1320,CRIMINAL DAMAGE,TO VEHICLE,STREET,false,false,0332,003,5,43,14,1188547,1859399,02/10/2018 03:50:01 PM,41.769261197,-87.584425842
9872248,HX522690,11/27/2014 10:00:00 PM,056XX W BYRON ST,0610,BURGLARY,FORCIBLE ENTRY,RESIDENCE-GARAGE,false,false,1633,016,38,15,05,1137985,1925357,02/10/2018 03:50:01 PM,41.951317947,-87.768173307
9872249,HX522538,11/27/2014 11:00:00 PM,114XX S LOOMIS ST,1320,CRIMINAL DAMAGE,TO VEHICLE,STREET,false,false,2234,022,34,75,14,1169046,1828957,02/10/2018 03:50:01 PM,41.686167602,-87.656784154
9872257,HX522687,11/27/2014 09:00:00 PM,036XX W 58TH PL,1310,CRIMINAL DAMAGE,TO PROPERTY,RESIDENCE,false,false,0822,008,14,62,14,1153035,1865574,02/10/2018 03:50:01 PM,41.786981139,-87.714433965
9872293,HX522732,11/27/2014 07:45:00 PM,047XX W HARRISON ST,0910,MOTOR VEHICLE THEFT,AUTOMOBILE,STREET,false,false,1131,011,24,25,07,1144981,1896934,02/10/2018 03:50:01 PM,41.873192794,-87.743174845
9872305,HX522714,11/27/2014 02:00:00 PM,056XX S WABASH AVE,0610,BURGLARY,FORCIBLE ENTRY,APARTMENT,false,false,0225,002,20,40,05,1177675,1867718,02/10/2018 03:50:01 PM,41.792342253,-87.624025622
9872314,HX522734,11/27/2014 08:00:00 PM,053XX N MOODY AVE,1320,CRIMINAL DAMAGE,TO VEHICLE,STREET,true,false,1622,016,45,11,14,1134081,1935097,02/10/2018 03:50:01 PM,41.978115209,-87.782294264
9872355,HX522743,11/27/2014 03:00:00 PM,003XX E 90TH ST,1320,CRIMINAL DAMAGE,TO VEHICLE,STREET,false,false,0633,006,6,44,14,1179916,1845379,02/10/2018 03:50:01 PM,41.73099061,-87.616490891
9872358,HX522741,11/27/2014 02:00:00 AM,027XX N SEMINARY AVE,1150,DECEPTIVE PRACTICE,CREDIT CARD FRAUD,STREET,false,false,1935,019,32,7,11,1168609,1918317,02/10/2018 03:50:01 PM,41.931390544,-87.655804989
9872362,HX522794,11/27/2014 11:00:00 PM,064XX S KENWOOD AVE,0820,THEFT,$500 AND UNDER,STREET,false,false,0314,003,20,42,06,1186177,1862535,02/10/2018 03:50:01 PM,41.777922956,-87.593014081
9872365,HX522739,11/27/2014 09:00:00 PM,115XX S WATKINS AVE,1320,CRIMINAL DAMAGE,TO VEHICLE,STREET,false,false,2234,022,34,75,14,1166340,1828206,02/10/2018 03:50:01 PM,41.684164618,-87.666711605
9872392,HX522453,11/27/2014 07:59:00 PM,050XX N LAMON AVE,1310,CRIMINAL DAMAGE,TO PROPERTY,RESIDENCE,false,false,1623,016,45,12,14,1142772,1933285,02/10/2018 03:50:01 PM,41.972985076,-87.75037795
9872393,HX522793,11/27/2014 07:49:00 PM,063XX S ST LOUIS AVE,1020,ARSON,BY FIRE,APARTMENT,false,false,0823,008,15,66,09,1154159,1862445,02/10/2018 03:50:01 PM,41.778372418,-87.710395841
9872399,HX522427,11/27/2014 06:38:00 PM,060XX S ARCHER AVE,1310,CRIMINAL DAMAGE,TO PROPERTY,APARTMENT,false,false,0811,008,23,56,14,1138514,1868364,02/10/2018 03:50:01 PM,41.794911883,-87.767609507
9872401,HX522463,11/27/2014 07:00:00 PM,049XX S KNOX AVE,0460,BATTERY,SIMPLE,RESIDENCE,false,false,0815,008,23,56,08B,1146191,1871534,02/10/2018 03:50:01 PM,41.803468775,-87.739377171
9872403,HX522290,11/27/2014 10:00:00 AM,0000X E MONROE ST,0890,THEFT,FROM BUILDING,HOTEL/MOTEL,false,false,0112,001,42,32,06,1176591,1899936,02/10/2018 03:50:01 PM,41.880775433,-87.627029031
9872404,HX522472,11/27/2014 08:30:00 PM,068XX S KOMENSKY AVE,0486,BATTERY,DOMESTIC BATTERY SIMPLE,RESIDENCE,false,true,0833,008,13,65,08B,1150546,1858960,02/10/2018 03:50:01 PM,41.768880074,-87.723732017
9872407,HX522523,11/27/2014 07:59:00 PM,052XX S LUNA AVE,0460,BATTERY,SIMPLE,RESIDENCE,false,false,0814,008,23,56,08B,1140249,1869314,02/10/2018 03:50:01 PM,41.797487335,-87.761223957
9872431,HX522800,11/27/2014 06:00:00 PM,018XX W HENDERSON ST,0610,BURGLARY,FORCIBLE ENTRY,OTHER,false,false,1922,019,32,5,05,1163402,1922270,02/10/2018 03:50:01 PM,41.942349118,-87.674828148
9872438,HX522737,11/27/2014 06:29:00 PM,073XX S WOLCOTT AVE,2820,OTHER OFFENSE,TELEPHONE THREAT,RESIDENCE,false,true,0735,007,17,67,26,1164957,1856058,02/10/2018 03:50:01 PM,41.760624158,-87.670989918
9872441,HX522497,11/27/2014 09:00:00 PM,001XX E 13TH ST,0486,BATTERY,DOMESTIC BATTERY SIMPLE,RESIDENCE,false,true,0132,001,2,33,08B,1177710,1894487,02/10/2018 03:50:01 PM,41.865797718,-87.623085763
9872446,HX522788,11/27/2014 06:00:00 PM,036XX W FULLERTON AVE,1320,CRIMINAL DAMAGE,TO VEHICLE,RESIDENTIAL YARD (FRONT/BACK),false,false,2525,025,35,22,14,1151537,1915708,02/10/2018 03:50:01 PM,41.924584288,-87.718610496
9872451,HX522680,11/27/2014 10:00:00 PM,053XX W DRUMMOND PL,0910,MOTOR VEHICLE THEFT,AUTOMOBILE,STREET,false,false,2514,025,31,19,07,1140327,1917108,02/10/2018 03:50:01 PM,41.92863917,-87.759766958
9872452,HX522660,11/27/2014 05:00:00 PM,022XX N MAJOR AVE,2826,OTHER OFFENSE,HARASSMENT BY ELECTRONIC MEANS,RESIDENCE,false,false,2515,025,37,19,26,1138019,1914347,02/10/2018 03:50:01 PM,41.921104734,-87.768315065
9872453,HX522450,11/27/2014 07:50:00 PM,028XX N AVERS AVE,0486,BATTERY,DOMESTIC BATTERY SIMPLE,STREET,false,true,2523,025,30,21,08B,1150241,1918515,02/10/2018 03:50:01 PM,41.932312335,-87.723299211
9872455,HX522827,11/27/2014 05:00:00 PM,037XX W HARRISON ST,0620,BURGLARY,UNLAWFUL ENTRY,APARTMENT,false,false,1133,011,24,27,05,1151414,1897095,02/10/2018 03:50:01 PM,41.873510795,-87.719551756
9872478,HX522658,11/27/2014 06:00:00 PM,077XX N HASKINS AVE,1305,CRIMINAL DAMAGE,CRIMINAL DEFACEMENT,CTA BUS,false,false,2422,024,49,1,14,1163173,1951318,02/10/2018 03:50:01 PM,42.022062685,-87.67484904
9872495,HX522663,11/27/2014 07:00:00 PM,085XX S DAMEN AVE,0820,THEFT,$500 AND UNDER,STREET,false,false,0614,006,18,71,06,1164508,1848055,02/10/2018 03:50:01 PM,41.738672236,-87.672860681
9872501,HX522742,11/27/2014 07:00:00 AM,046XX S DREXEL BLVD,0610,BURGLARY,FORCIBLE ENTRY,APARTMENT,false,false,0222,002,4,39,05,1183100,1874503,02/10/2018 03:50:01 PM,41.810836292,-87.60392204
9872520,HX522901,11/27/2014 10:00:00 PM,027XX E 93RD ST,0910,MOTOR VEHICLE THEFT,AUTOMOBILE,DRIVEWAY - RESIDENTIAL,false,false,0423,004,7,48,07,1196013,1843824,02/10/2018 03:50:01 PM,41.726340546,-87.557574231
9872527,HX522711,11/27/2014 06:30:00 PM,113XX S STEWART AVE,1320,CRIMINAL DAMAGE,TO VEHICLE,STREET,false,false,2233,022,34,49,14,1175649,1829723,02/10/2018 03:50:01 PM,41.688124782,-87.632589078
9872530,HX522762,11/27/2014 11:00:00 AM,003XX E 75TH ST,0520,ASSAULT,AGGRAVATED:KNIFE/CUTTING INSTR,BARBERSHOP,false,false,0323,003,6,69,04A,1179471,1855349,02/10/2018 03:50:01 PM,41.75835961,-87.617817373
9872579,HX522922,11/27/2014 10:30:00 AM,017XX W PIERCE AVE,1310,CRIMINAL DAMAGE,TO PROPERTY,APARTMENT,false,false,1433,014,1,24,14,1164550,1910426,02/10/2018 03:50:01 PM,41.909824195,-87.670945023
9872597,HX522846,11/27/2014 06:00:00 PM,026XX N ELSTON AVE,0870,THEFT,POCKET-PICKING,SIDEWALK,false,false,1432,014,1,22,06,1160840,1917681,02/10/2018 03:50:01 PM,41.929810236,-87.684372327
9872600,HX522966,11/27/2014 04:30:00 PM,051XX S LA CROSSE AVE,0610,BURGLARY,FORCIBLE ENTRY,RESIDENCE-GARAGE,false,false,0814,008,23,56,05,1144893,1870187,02/10/2018 03:50:01 PM,41.799796909,-87.744171505
9872617,HX522852,11/27/2014 10:00:00 PM,081XX S PRAIRIE AVE,1310,CRIMINAL DAMAGE,TO PROPERTY,RESIDENCE-GARAGE,false,false,0631,006,6,44,14,1179443,1851223,02/10/2018 03:50:01 PM,41.74703804,-87.618045706
9872636,HX522899,11/27/2014 06:00:00 AM,024XX S TRUMBULL AVE,0460,BATTERY,SIMPLE,SIDEWALK,false,false,1024,010,22,30,08B,1153753,1887633,02/10/2018 03:50:01 PM,41.847499779,-87.711215785
9872671,HX522894,11/27/2014 04:00:00 PM,082XX S DREXEL AVE,1320,CRIMINAL DAMAGE,TO VEHICLE,STREET,false,false,0631,006,8,44,14,1183666,1850650,02/10/2018 03:50:01 PM,41.745368292,-87.602589491
9872682,HX522455,11/27/2014 08:10:00 PM,061XX S GREEN ST,0460,BATTERY,SIMPLE,STREET,false,true,0712,007,16,68,08B,1171685,1864233,02/10/2018 03:50:01 PM,41.78291254,-87.646092114
9872687,HX523033,11/27/2014 05:00:00 PM,013XX N RIDGEWAY AVE,1310,CRIMINAL DAMAGE,TO PROPERTY,RESIDENCE-GARAGE,false,false,2535,025,26,23,14,1151125,1908749,02/10/2018 03:50:01 PM,41.905496249,-87.720307143
9872705,HX523072,11/27/2014 12:00:00 PM,043XX S DR MARTIN LUTHER KING JR DR,0820,THEFT,$500 AND UNDER,STREET,false,false,0221,002,3,38,06,1179581,1876314,02/10/2018 03:50:01 PM,41.815887061,-87.616773883
9872707,HX522957,11/27/2014 10:00:00 PM,025XX S BLUE ISLAND AVE,0820,THEFT,$500 AND UNDER,STREET,false,false,1034,010,25,31,06,1161331,1886997,02/10/2018 03:50:01 PM,41.845600518,-87.683422021
9872715,HX523074,11/27/2014 08:00:00 PM,089XX S ELIZABETH ST,0820,THEFT,$500 AND UNDER,RESIDENCE,false,false,2222,022,21,73,06,1169562,1845414,02/10/2018 03:50:01 PM,41.731317027,-87.654420182
9872743,HX522960,11/27/2014 01:00:00 PM,0000X N MAYFIELD AVE,2825,OTHER OFFENSE,HARASSMENT BY TELEPHONE,RESIDENCE,false,true,1513,015,29,25,26,1137164,1899640,02/10/2018 03:50:01 PM,41.880762322,-87.771810281
9872757,HX523058,11/27/2014 03:00:00 PM,062XX S WASHTENAW AVE,0910,MOTOR VEHICLE THEFT,AUTOMOBILE,STREET,false,false,0825,008,15,66,07,1159445,1863266,02/10/2018 03:50:01 PM,41.780518645,-87.690994449
9872763,HX523168,11/27/2014 08:00:00 PM,004XX E 46TH ST,0890,THEFT,FROM BUILDING,APARTMENT,false,false,0221,002,3,38,06,1180061,1874618,02/10/2018 03:50:01 PM,41.811222102,-87.615065166
9872770,HX523113,11/27/2014 11:00:00 PM,061XX S KOLMAR AVE,0820,THEFT,$500 AND UNDER,STREET,false,false,0813,008,13,65,06,1147093,1863469,02/10/2018 03:50:01 PM,41.781319984,-87.736274472
9872843,HX523082,11/27/2014 06:00:00 PM,003XX N MAY ST,0930,MOTOR VEHICLE THEFT,THEFT/RECOVERY: AUTOMOBILE,PARKING LOT/GARAGE(NON.RESID.),false,false,1214,012,27,28,07,1168757,1902558,02/10/2018 03:50:01 PM,41.888143705,-87.655718621
9872895,HX522506,11/27/2014 09:15:00 PM,075XX S MARYLAND AVE,0430,BATTERY,AGGRAVATED: OTHER DANG WEAPON,SIDEWALK,false,false,0624,006,6,69,04B,1183205,1855301,02/10/2018 03:50:01 PM,41.758141854,-87.60413422
9872897,HX523017,11/27/2014 12:45:00 AM,079XX S PRAIRIE AVE,1310,CRIMINAL DAMAGE,TO PROPERTY,ALLEY,false,false,0623,006,6,44,14,1179410,1852401,02/10/2018 03:50:01 PM,41.75027136,-87.618130747
9872960,HX523332,11/27/2014 12:00:00 PM,024XX E 72ND ST,0620,BURGLARY,UNLAWFUL ENTRY,APARTMENT,false,false,0334,003,7,43,05,1194009,1857795,02/10/2018 03:50:01 PM,41.764727452,-87.564457634
9872976,HX523320,11/27/2014 01:00:00 AM,017XX N MENARD AVE,1154,DECEPTIVE PRACTICE,FINANCIAL IDENTITY THEFT $300 AND UNDER,RESIDENCE,false,false,2531,025,29,25,11,1137485,1910901,02/10/2018 03:50:01 PM,41.911658149,-87.77036025
9872980,HX522376,11/27/2014 04:00:00 PM,001XX W HARRISON ST,1320,CRIMINAL DAMAGE,TO VEHICLE,STREET,false,false,0123,001,2,32,14,1175032,1897633,02/10/2018 03:50:01 PM,41.874490924,-87.632822513
9872994,HX523420,11/27/2014 11:00:00 AM,001XX N ALBANY AVE,0330,ROBBERY,AGGRAVATED,SIDEWALK,false,false,1222,012,27,27,03,1155702,1900579,02/10/2018 03:50:01 PM,41.882986022,-87.703714432
9873024,HX523346,11/27/2014 10:00:00 PM,034XX S RHODES AVE,0810,THEFT,OVER $500,STREET,false,false,0211,002,4,35,06,1180461,1882203,02/10/2018 03:50:01 PM,41.832026741,-87.613364884
9873059,HX523411,11/27/2014 01:00:00 AM,001XX S CICERO AVE,1150,DECEPTIVE PRACTICE,CREDIT CARD FRAUD,GAS STATION,false,false,1113,011,28,25,11,1144415,1898849,02/10/2018 03:50:01 PM,41.878458449,-87.745204753
9873160,HX521980,11/27/2014 04:00:00 AM,045XX W JACKSON BLVD,0420,BATTERY,AGGRAVATED:KNIFE/CUTTING INSTR,SIDEWALK,false,false,1131,011,24,25,04B,1145719,1898292,02/10/2018 03:50:01 PM,41.876905354,-87.740430817
9873288,HX523883,11/27/2014 10:00:00 PM,044XX W IRVING PARK RD,0820,THEFT,$500 AND UNDER,CHURCH/SYNAGOGUE/PLACE OF WORSHIP,false,false,1731,017,38,16,06,1146087,1926216,02/10/2018 03:50:01 PM,41.953524644,-87.738368356
9873315,HX522219,11/27/2014 12:45:00 AM,079XX S PRAIRIE AVE,1310,CRIMINAL DAMAGE,TO PROPERTY,RESIDENCE-GARAGE,false,false,0623,006,6,44,14,1179410,1852407,02/10/2018 03:50:01 PM,41.750287824,-87.618130564
9873355,HX523947,11/27/2014 12:00:00 PM,050XX W WASHINGTON BLVD,4387,OTHER OFFENSE,VIOLATE ORDER OF PROTECTION,RESIDENCE,true,true,1533,015,28,25,26,1142697,1900032,02/10/2018 03:50:01 PM,41.88173688,-87.751483513
9873405,HX524053,11/27/2014 08:30:00 AM,002XX W NORTH AVE,0890,THEFT,FROM BUILDING,OTHER,false,false,1814,018,43,7,06,1174063,1910985,02/10/2018 03:50:01 PM,41.911151209,-87.63598179
9873420,HX524079,11/27/2014 07:00:00 PM,027XX S KOMENSKY AVE,0560,ASSAULT,SIMPLE,RESIDENCE,false,false,1031,010,22,30,08A,1149823,1885460,02/10/2018 03:50:01 PM,41.841614007,-87.72569548
9873518,HX524199,11/27/2014 07:00:00 PM,018XX W IOWA ST,0820,THEFT,$500 AND UNDER,STREET,false,false,1212,012,1,24,06,1164022,1906039,02/10/2018 03:50:01 PM,41.897797124,-87.673008726
9873545,HX524160,11/27/2014 11:30:00 PM,013XX N HAMLIN AVE,0263,CRIM SEXUAL ASSAULT,AGGRAVATED: KNIFE/CUT INSTR,APARTMENT,true,true,2535,025,26,23,02,1150798,1908642,02/10/2018 03:50:01 PM,41.905209037,-87.721511136
9873606,HX523871,11/27/2014 06:30:00 PM,077XX S MERRILL AVE,1790,OFFENSE INVOLVING CHILDREN,CHILD ABDUCTION,RESIDENCE,false,true,0414,004,8,43,20,1191878,1854109,02/10/2018 03:50:01 PM,41.754664775,-87.572387695
9873615,HX524267,11/27/2014 07:00:00 AM,026XX N HAMPDEN CT,0890,THEFT,FROM BUILDING,APARTMENT,false,false,1935,019,43,7,06,1172664,1917743,02/10/2018 03:50:01 PM,41.929726567,-87.64092074
9873764,HX521934,11/27/2014 02:00:00 AM,047XX N LOWELL AVE,0486,BATTERY,DOMESTIC BATTERY SIMPLE,RESIDENCE,false,false,1722,017,39,14,08B,1146518,1931284,02/10/2018 03:50:01 PM,41.967423411,-87.736654214
9873797,HX523134,11/27/2014 10:00:00 AM,073XX N OCONTO AVE,1780,OFFENSE INVOLVING CHILDREN,OTHER OFFENSE,RESIDENCE,false,true,1611,016,41,9,26,1127057,1948206,02/10/2018 03:50:01 PM,42.014208628,-87.807829762
9873978,HX524841,11/27/2014 10:00:00 PM,070XX N SHERIDAN RD,0486,BATTERY,DOMESTIC BATTERY SIMPLE,APARTMENT,false,true,2423,024,49,1,08B,1166511,1947311,02/10/2018 03:50:01 PM,42.010996301,-87.662680653
9873994,HX524032,11/27/2014 10:30:00 AM,032XX W ADDISON ST,1120,DECEPTIVE PRACTICE,FORGERY,BANK,false,false,1733,017,35,21,10,1154058,1923756,02/10/2018 03:50:01 PM,41.946618646,-87.709131893
9874002,HX522760,11/27/2014 09:00:00 PM,053XX W 53RD PL,0810,THEFT,OVER $500,STREET,false,false,0814,008,23,56,06,1141827,1868691,02/10/2018 03:50:01 PM,41.795748754,-87.755452454
9874020,HX522207,11/27/2014 11:55:00 AM,055XX S WENTWORTH AVE,0820,THEFT,$500 AND UNDER,SIDEWALK,false,false,0225,002,3,68,06,1175904,1868322,02/10/2018 03:50:01 PM,41.794039603,-87.630501466
9874059,HX524937,11/27/2014 10:00:00 AM,047XX W RICE ST,0610,BURGLARY,FORCIBLE ENTRY,CHURCH/SYNAGOGUE/PLACE OF WORSHIP,false,false,1111,011,37,25,05,1144667,1905236,02/10/2018 03:50:01 PM,41.895980382,-87.744118422
9874067,HX524918,11/27/2014 06:00:00 AM,065XX S ELLIS AVE,1320,CRIMINAL DAMAGE,TO VEHICLE,STREET,false,false,0321,003,20,42,14,1184013,1861865,02/10/2018 03:50:01 PM,41.776135263,-87.600968183
9874109,HX524016,11/27/2014 02:20:00 PM,018XX N RUTHERFORD AVE,2826,OTHER OFFENSE,HARASSMENT BY ELECTRONIC MEANS,RESIDENCE,false,false,2513,025,36,25,26,1131127,1911519,02/10/2018 03:50:01 PM,41.913466162,-87.793703725
9874133,HX522837,11/27/2014 07:40:00 PM,006XX N MICHIGAN AVE,1150,DECEPTIVE PRACTICE,CREDIT CARD FRAUD,CONVENIENCE STORE,false,false,1834,018,42,8,11,1177308,1904964,02/10/2018 03:50:01 PM,41.894556302,-87.624243734
9874178,HX525069,11/27/2014 10:00:00 AM,073XX S COLES AVE,2825,OTHER OFFENSE,HARASSMENT BY TELEPHONE,RESIDENCE,false,false,0334,003,7,43,26,1194889,1857049,02/10/2018 03:50:01 PM,41.762658744,-87.561256801
9874247,HX525157,11/27/2014 11:00:00 AM,078XX S SOUTH SHORE DR,0910,MOTOR VEHICLE THEFT,AUTOMOBILE,PARKING LOT/GARAGE(NON.RESID.),false,false,0421,004,7,43,07,1197758,1854134,02/10/2018 03:50:01 PM,41.754588642,-87.550838882
9874300,HX523129,11/27/2014 08:00:00 PM,029XX W MONTROSE AVE,0810,THEFT,OVER $500,STREET,false,false,1724,017,33,14,06,1155790,1929091,02/10/2018 03:50:01 PM,41.961223438,-87.702621243
9874332,HX525228,11/27/2014 10:00:00 PM,006XX N MAY ST,0820,THEFT,$500 AND UNDER,STREET,false,false,1214,012,27,24,06,1168715,1904152,02/10/2018 03:50:01 PM,41.89251866,-87.655826638
9874418,HX525359,11/27/2014 06:00:00 PM,004XX N CLARK ST,0820,THEFT,$500 AND UNDER,RESTAURANT,false,false,1831,018,42,8,06,1175457,1903377,02/10/2018 03:50:01 PM,41.890243266,-87.631089546
9874442,HX525347,11/27/2014 06:00:00 PM,066XX S DREXEL AVE,0610,BURGLARY,FORCIBLE ENTRY,APARTMENT,false,false,0321,003,5,42,05,1183365,1861241,02/10/2018 03:50:01 PM,41.774438068,-87.603363092
9875058,HX526114,11/27/2014 03:00:00 PM,029XX E 78TH ST,0620,BURGLARY,UNLAWFUL ENTRY,APARTMENT,false,false,0421,004,7,43,05,1196989,1853921,02/10/2018 03:50:01 PM,41.754023313,-87.553664045
9875211,HX526173,11/27/2014 04:35:00 PM,029XX W 24TH BLVD,0460,BATTERY,SIMPLE,POOL ROOM,false,false,1033,010,12,30,08B,1157249,1887784,02/10/2018 03:50:01 PM,41.847843926,-87.698381263
9875275,HX526204,11/27/2014 03:00:00 PM,080XX S WHIPPLE ST,0810,THEFT,OVER $500,RESIDENTIAL YARD (FRONT/BACK),false,false,0835,008,18,70,06,1157441,1851207,02/10/2018 03:50:01 PM,41.747467752,-87.698667723
9875736,HX526788,11/27/2014 12:00:00 AM,028XX W 71ST ST,0910,MOTOR VEHICLE THEFT,AUTOMOBILE,STREET,false,false,0831,008,18,66,07,1158469,1857425,02/10/2018 03:50:01 PM,41.764510036,-87.69473167
9875794,HX526623,11/27/2014 08:00:00 AM,035XX W 60TH PL,0820,THEFT,$500 AND UNDER,OTHER,false,false,0823,008,16,66,06,1153798,1864271,02/10/2018 03:50:01 PM,41.783390407,-87.711670904
9875919,HX526889,11/27/2014 11:00:00 AM,044XX S RICHMOND ST,0291,CRIM SEXUAL ASSAULT,ATTEMPT NON-AGGRAVATED,APARTMENT,true,true,0922,009,14,58,02,1157436,1875153,02/10/2018 03:50:01 PM,41.813179145,-87.69803778
9876236,HX522746,11/27/2014 07:00:00 AM,004XX E 66TH ST,1320,CRIMINAL DAMAGE,TO VEHICLE,STREET,false,false,0312,003,20,42,14,1180160,1861344,02/10/2018 03:50:01 PM,41.774794761,-87.615108807
9876308,HX527281,11/27/2014 12:00:00 AM,093XX S COTTAGE GROVE AVE,1150,DECEPTIVE PRACTICE,CREDIT CARD FRAUD,ATM (AUTOMATIC TELLER MACHINE),false,false,0633,006,8,44,11,1183206,1842853,02/10/2018 03:50:01 PM,41.72398315,-87.60451692
9876481,HX527467,11/27/2014 12:00:00 PM,100XX W OHARE ST,0820,THEFT,$500 AND UNDER,AIRCRAFT,false,false,1651,016,41,76,06,1100658,1934241,02/10/2018 03:50:01 PM,41.976290414,-87.905227221
9876703,HX527546,11/27/2014 12:23:00 PM,0000X W RANDOLPH ST,0460,BATTERY,SIMPLE,RESTAURANT,true,false,0111,001,42,32,08B,1176046,1901283,02/10/2018 03:50:01 PM,41.884483968,-87.628989611
9877129,HX528054,11/27/2014 08:14:00 PM,082XX S HARPER AVE,0460,BATTERY,SIMPLE,OTHER,false,false,0411,004,8,45,08B,1187906,1850698,02/10/2018 03:50:01 PM,41.745400151,-87.587052084
9877238,HX528270,11/27/2014 05:00:00 PM,104XX S EWING AVE,0820,THEFT,$500 AND UNDER,RESIDENCE,false,false,0432,004,10,52,06,1202166,1836424,02/10/2018 03:50:01 PM,41.705879997,-87.535287052
9878141,HX528916,11/27/2014 07:00:00 PM,068XX S CALUMET AVE,0610,BURGLARY,FORCIBLE ENTRY,RESIDENCE,false,false,0322,003,20,69,05,1179659,1859729,02/10/2018 03:50:01 PM,41.770374503,-87.616994694
9878298,HX529155,11/27/2014 12:00:00 AM,008XX N MICHIGAN AVE,0860,THEFT,RETAIL THEFT,RESTAURANT,false,false,1833,018,42,8,06,1177330,1906499,02/10/2018 03:50:01 PM,41.898767916,-87.624116333
9879432,HX530042,11/27/2014 12:00:00 PM,089XX S EMERALD AVE,1156,DECEPTIVE PRACTICE,ATTEMPT - FINANCIAL IDENTITY THEFT,RESIDENCE,false,false,2223,022,21,71,11,1172871,1845699,02/10/2018 03:50:01 PM,41.732026843,-87.642289716
9879719,HX530456,11/27/2014 12:30:00 PM,081XX S SAGINAW AVE,0610,BURGLARY,FORCIBLE ENTRY,RESIDENCE,false,false,0422,004,7,46,05,1195258,1851434,02/10/2018 03:50:01 PM,41.747241664,-87.560089352
9879820,HX530306,11/27/2014 02:00:00 PM,057XX W CARMEN AVE,1320,CRIMINAL DAMAGE,TO VEHICLE,STREET,false,false,1622,016,45,11,14,1137096,1933572,02/10/2018 03:50:01 PM,41.973876719,-87.771243195
9879873,HX522542,11/27/2014 11:05:00 PM,004XX E 87TH ST,0545,ASSAULT,PRO EMP HANDS NO/MIN INJURY,STREET,false,false,0632,006,6,44,08A,1180546,1847395,02/10/2018 03:50:01 PM,41.736508334,-87.614121283
9880146,HX530891,11/27/2014 02:00:00 PM,065XX S KENNETH AVE,0810,THEFT,OVER $500,STREET,false,false,0833,008,13,65,06,1147835,1860863,02/10/2018 03:50:01 PM,41.774154522,-87.733620724
9880334,HX522191,11/27/2014 11:00:00 AM,032XX W 87TH ST,0820,THEFT,$500 AND UNDER,COMMERCIAL / BUSINESS OFFICE,false,false,0834,008,18,70,06,1156105,1846713,02/10/2018 03:50:01 PM,41.735162406,-87.703683752
9881100,HX531823,11/27/2014 12:00:00 PM,071XX S YATES BLVD,0915,MOTOR VEHICLE THEFT,"TRUCK, BUS, MOTOR HOME",OTHER,false,false,0334,003,7,43,07,1193452,1857922,02/10/2018 03:50:01 PM,41.765089594,-87.566495002
9881146,HX530866,11/27/2014 12:00:00 PM,017XX N HALSTED ST,1310,CRIMINAL DAMAGE,TO PROPERTY,RESIDENCE,false,false,1813,018,43,7,14,1170693,1911679,02/10/2018 03:50:01 PM,41.9131301,-87.648341567
9884659,HX535796,11/27/2014 10:00:00 AM,095XX S UNIVERSITY AVE,1152,DECEPTIVE PRACTICE,ILLEGAL USE CASH CARD,RESIDENCE,false,false,0511,005,8,50,11,1185546,1841904,02/10/2018 03:50:01 PM,41.721324303,-87.595975476
9885054,HX535837,11/27/2014 12:00:00 PM,082XX S EAST END AVE,1153,DECEPTIVE PRACTICE,FINANCIAL IDENTITY THEFT OVER $ 300,RESIDENCE,false,false,0414,004,8,45,11,1189028,1850735,02/10/2018 03:50:01 PM,41.745474906,-87.582939761
9887024,HX537857,11/27/2014 08:30:00 PM,051XX W JACKSON BLVD,0820,THEFT,$500 AND UNDER,NURSING HOME/RETIREMENT HOME,false,true,1533,015,28,25,06,1142017,1898181,02/10/2018 03:50:01 PM,41.876670128,-87.754026367
9888264,HX538505,11/27/2014 09:30:00 PM,0000X W MONROE ST,5093,NON-CRIMINAL,LOST PASSPORT,STREET,false,false,0112,001,42,32,26,1176195,1899919,02/10/2018 03:50:01 PM,41.880737718,-87.628483607
9890262,HX540065,11/27/2014 12:00:00 PM,058XX N WASHTENAW AVE,0486,BATTERY,DOMESTIC BATTERY SIMPLE,RESIDENCE,false,true,2011,020,40,2,08B,1157286,1938612,02/10/2018 03:50:01 PM,41.987319201,-87.696861059
9890459,HX540561,11/27/2014 07:00:00 PM,063XX S SANGAMON ST,0580,STALKING,SIMPLE,RESIDENCE,false,true,0723,007,16,68,08A,1171067,1862683,02/10/2018 03:50:01 PM,41.77867269,-87.648403155
9891651,HX542294,11/27/2014 12:00:00 PM,050XX N HERMITAGE AVE,0890,THEFT,FROM BUILDING,RESIDENTIAL YARD (FRONT/BACK),false,false,2032,020,47,3,06,1163892,1933368,02/10/2018 03:50:01 PM,41.972792197,-87.672712727
9894590,HX544483,11/27/2014 09:30:00 PM,087XX S HOLLAND RD,0430,BATTERY,AGGRAVATED: OTHER DANG WEAPON,STREET,false,false,0634,006,21,49,04B,1175525,1847094,02/10/2018 03:50:01 PM,41.73579602,-87.632525441
9897108,HX547428,11/27/2014 02:35:00 PM,005XX W 111TH ST,0460,BATTERY,SIMPLE,RESIDENCE,false,false,2233,022,34,49,08B,1174718,1831285,02/10/2018 03:50:01 PM,41.692431881,-87.635951089
9899585,HX522513,11/27/2014 08:00:00 PM,005XX S KEDZIE AVE,0330,ROBBERY,AGGRAVATED,CTA PLATFORM,false,false,1134,011,24,27,03,1155124,1897322,02/10/2018 03:50:01 PM,41.874060099,-87.705924314
9900543,HX521997,11/27/2014 05:00:00 AM,0000X W TERMINAL ST,5007,OTHER OFFENSE,OTHER WEAPONS VIOLATION,AIRPORT TERMINAL UPPER LEVEL - SECURE AREA,false,false,1651,016,41,76,26,1100317,1935229,02/10/2018 03:50:01 PM,41.979006297,-87.906463155
9900744,HX547729,11/27/2014 06:00:00 AM,005XX S KILBOURN AVE,0820,THEFT,$500 AND UNDER,STREET,false,false,1131,011,24,26,06,1146472,1897228,02/10/2018 03:50:01 PM,41.873971304,-87.737693111
9908320,HX558964,11/27/2014 03:00:00 PM,008XX W 129TH PL,0460,BATTERY,SIMPLE,RESIDENCE,true,false,0523,005,34,53,08B,1173284,1818906,02/10/2018 03:50:01 PM,41.658493622,-87.64156504
9931877,HY121282,11/27/2014 09:00:00 PM,016XX W 47TH ST,0460,BATTERY,SIMPLE,BAR OR TAVERN,false,false,0924,009,3,61,08B,1166050,1873546,02/10/2018 03:50:01 PM,41.808590262,-87.666486929
9942382,HY130198,11/27/2014 12:01:00 AM,022XX W 54TH PL,501A,OTHER OFFENSE,ANIMAL ABUSE/NEGLECT,RESIDENTIAL YARD (FRONT/BACK),false,false,0932,009,16,63,26,1162187,1868481,02/10/2018 03:50:01 PM,41.794772646,-87.680796636
10997671,JA320566,11/27/2014 12:01:00 AM,020XX W 21ST ST,1752,OFFENSE INVOLVING CHILDREN,AGG CRIM SEX ABUSE FAM MEMBER,RESIDENCE,false,false,1234,012,25,31,20,,,07/01/2017 03:47:52 PM,,
10063714,HX522136,11/27/2014 10:02:00 AM,027XX W JACKSON BLVD,2014,NARCOTICS,MANU/DELIVER: HEROIN (WHITE),VEHICLE NON-COMMERCIAL,true,false,1125,011,2,27,18,1158084,1898578,02/09/2018 03:44:29 PM,41.877446799,-87.695022243
9877242,HX522053,11/27/2014 04:49:00 AM,059XX S RACINE AVE,0620,BURGLARY,UNLAWFUL ENTRY,OTHER,false,false,0713,007,16,67,05,1169337,1865408,02/09/2018 03:44:29 PM,41.786188054,-87.654666603
9935682,HX522033,11/27/2014 07:15:00 AM,008XX N CENTRAL PARK AVE,2014,NARCOTICS,MANU/DELIVER: HEROIN (WHITE),ALLEY,true,false,1121,011,27,23,18,1152228,1905436,02/09/2018 03:44:29 PM,41.896383356,-87.716342952
9964690,HX522046,11/27/2014 07:30:00 AM,032XX W LAKE ST,2014,NARCOTICS,MANU/DELIVER: HEROIN (WHITE),SIDEWALK,true,false,1123,011,28,27,18,1154718,1901093,02/09/2018 03:44:29 PM,41.884416242,-87.707313974
9964727,HX522083,11/27/2014 08:24:00 AM,008XX N HOMAN AVE,2014,NARCOTICS,MANU/DELIVER: HEROIN (WHITE),VEHICLE NON-COMMERCIAL,true,false,1121,011,27,23,18,1153561,1905287,02/09/2018 03:44:29 PM,41.895948076,-87.71145103
